t_s,l_shoulder_pitch_rad,l_shoulder_roll_rad,l_shoulder_yaw_rad,l_elbow_rad
0,0.0184804,0.00016703,-0.00031732,0.000325072
0.0200021,0.0234059,0.000164942,-0.000320447,0.000379113
0.0400023,0.0270701,0.000146357,-0.000487421,0.0004466
0.0600004,0.0310561,-0.000199397,-0.00107634,0.00152922
0.0800082,0.0358178,-0.000238917,-0.00231243,0.00214435
0.100007,0.0400779,-0.00120308,-0.00535601,0.00222012
0.120002,0.043383,-0.00250802,-0.0126074,0.00217353
0.140008,0.0461851,-0.00524539,-0.0250687,0.00224794
0.16,0.048083,-0.00988938,-0.0413475,0.00222847
0.180001,0.0487084,-0.0163869,-0.0613032,0.00226779
0.200011,0.0485748,-0.0247093,-0.0845125,0.00224715
0.220004,0.0483156,-0.0351631,-0.110589,0.00221555
0.239998,0.0476503,-0.0479619,-0.138315,0.00211319
0.26001,0.0468148,-0.063626,-0.167476,0.00211218
0.28001,0.0460648,-0.0810195,-0.198194,0.00203646
0.300019,0.0456053,-0.100116,-0.230179,0.00201661
0.320016,0.0455404,-0.12095,-0.263714,0.00191392
0.340006,0.0456839,-0.142628,-0.298576,0.00191665
0.360003,0.0458757,-0.164971,-0.33358,0.00190115
0.380012,0.0474612,-0.187733,-0.367921,0.00197264
0.400005,0.049431,-0.210485,-0.402193,0.00189343
0.42,0.0519968,-0.232704,-0.435215,0.00181658
0.440009,0.0550121,-0.252901,-0.466491,0.00182905
0.460004,0.0586651,-0.2721,-0.495812,0.00177393
0.479999,0.0628999,-0.28904,-0.524158,0.0017758
0.499998,0.0685816,-0.303152,-0.551714,0.00165794
0.520008,0.0747913,-0.31389,-0.576869,0.00168517
0.539999,0.0824628,-0.320573,-0.598745,0.00164607
0.560011,0.0921265,-0.323321,-0.616567,0.00157997
0.580011,0.102443,-0.323273,-0.629909,0.00154552
0.599995,0.113058,-0.323152,-0.640383,0.00113348
0.620005,0.123512,-0.322866,-0.650781,0.000221633
0.639999,0.13436,-0.322816,-0.661391,-0.000342412
0.660004,0.144752,-0.322955,-0.672207,-0.000477347
0.680004,0.15397,-0.322901,-0.682495,-0.000410235
0.700008,0.163522,-0.322885,-0.693017,-0.000445888
0.720001,0.171369,-0.322909,-0.703758,-0.000475212
0.740005,0.180246,-0.322901,-0.714109,-0.000423418
0.760009,0.188149,-0.322839,-0.724729,-0.000410684
0.780001,0.197529,-0.322814,-0.736564,-0.000466186
0.800012,0.206486,-0.32263,-0.748559,-0.000443042
0.820001,0.21532,-0.322634,-0.757966,-0.000482889
0.840004,0.222499,-0.322642,-0.762618,-0.000500604
0.860007,0.228569,-0.322619,-0.764964,-0.000530339
0.880002,0.234205,-0.320932,-0.767839,-0.000458472
0.900008,0.239143,-0.318406,-0.773016,-0.000415553
0.920003,0.24371,-0.314485,-0.779967,-0.000385892
0.940003,0.246563,-0.307874,-0.787813,-0.000451356
0.960003,0.248805,-0.298723,-0.795529,-0.000495697
0.980002,0.251382,-0.286875,-0.802688,-0.000435402
1.00001,0.25349,-0.272239,-0.809603,-0.00043087
1.02,0.255704,-0.254272,-0.814129,-0.000345295
1.04,0.258706,-0.232843,-0.816665,-0.000380087
1.06,0.262925,-0.20969,-0.81651,-0.000353085
1.08001,0.26749,-0.186659,-0.816479,-0.000295935
1.1,0.27232,-0.165225,-0.816512,-0.000318294
1.12001,0.277702,-0.1458,-0.816455,-0.000270432
1.14,0.282397,-0.128715,-0.816475,-0.000263166
1.16001,0.286319,-0.114947,-0.81649,-0.000205492
1.18001,0.289925,-0.103739,-0.816509,-0.000212158
1.2,0.294178,-0.0949614,-0.816523,-0.000156244
1.22,0.299052,-0.0890947,-0.816555,-0.000126771
1.24,0.304084,-0.086872,-0.816638,-0.000176318
1.26002,0.308032,-0.0863336,-0.816626,-0.000172011
1.28001,0.311401,-0.0863301,-0.81664,-0.000167667
1.30001,0.314422,-0.0863184,-0.816599,-0.000153773
1.32001,0.316852,-0.0863418,-0.816617,-7.82345e-05
1.34,0.319553,-0.086312,-0.816745,-5.75243e-05
1.36002,0.322411,-0.0858661,-0.817432,-1.84632e-05
1.38001,0.325032,-0.0857991,-0.820321,8.99566e-05
1.4,0.328233,-0.0858314,-0.823708,0.000236801
1.42001,0.33245,-0.0858162,-0.823739,0.00024901
1.44,0.334576,-0.0851821,-0.823861,0.000238224
1.46002,0.336123,-0.0816625,-0.823873,0.000228412
1.48002,0.338142,-0.0764627,-0.823814,0.000354621
1.50001,0.340441,-0.0736105,-0.823812,0.00251519
1.52,0.343896,-0.0732746,-0.82378,0.0051482
1.54001,0.346126,-0.0729923,-0.823786,0.00527617
1.56001,0.345564,-0.0729357,-0.823737,0.00525205
1.58001,0.34414,-0.0729328,-0.82374,0.00524606
1.60001,0.343745,-0.0728882,-0.823771,0.00527295
1.62,0.344362,-0.0717401,-0.82378,0.00526928
1.64,0.34433,-0.070418,-0.823814,0.00526703
1.66001,0.344201,-0.0704547,-0.823802,0.00528336
1.68001,0.343847,-0.0702548,-0.823896,0.00519842
1.70001,0.343272,-0.066848,-0.825634,0.0050694
1.72001,0.342487,-0.0607925,-0.830436,0.0050585
1.74001,0.342635,-0.0565582,-0.839066,0.0050927
1.76001,0.342747,-0.0556055,-0.851992,0.00508839
1.78001,0.342875,-0.0556098,-0.869579,0.00513726
1.80001,0.343265,-0.055589,-0.889765,0.00517415
1.82001,0.344008,-0.0557148,-0.907936,0.00520243
1.84001,0.344332,-0.0556489,-0.919467,0.00527733
1.86,0.344885,-0.0555868,-0.92422,0.00521265
1.88,0.344997,-0.0556884,-0.926142,0.00519913
1.9,0.345169,-0.0556188,-0.928053,0.00523992
1.92,0.345196,-0.0556165,-0.930392,0.00523085
1.94,0.345559,-0.0555904,-0.934761,0.00522063
1.96,0.346019,-0.0556572,-0.942313,0.00523707
1.98,0.346967,-0.0556649,-0.95208,0.00532021
2.00001,0.347728,-0.0556594,-0.963297,0.00525475
2.02001,0.34847,-0.0556541,-0.975695,0.00525845
2.04,0.349538,-0.0555794,-0.989384,0.00529291
2.06,0.35013,-0.0556583,-1.00171,0.00528894
2.08,0.350876,-0.0557236,-1.01066,0.00529658
2.1,0.351596,-0.055767,-1.01494,0.00530017
2.12001,0.352125,-0.0557544,-1.01477,0.00529324
2.14,0.35229,-0.0557882,-1.01474,0.00531287
2.16001,0.352351,-0.055823,-1.01469,0.00527961
2.18001,0.352415,-0.0559514,-1.01474,0.00530744
2.2,0.352687,-0.0560732,-1.01471,0.00532837
2.22,0.353463,-0.0561026,-1.01478,0.00529328
2.24,0.354367,-0.0560372,-1.01471,0.00528751
2.26,0.355513,-0.0559939,-1.01487,0.00534665
2.28001,0.35742,-0.0560163,-1.01492,0.00566595
2.30001,0.360216,-0.0559662,-1.01522,0.00580845
2.32,0.364337,-0.0560038,-1.01721,0.00571546
2.34001,0.367843,-0.0560027,-1.02056,0.00570887
2.36001,0.372368,-0.0560122,-1.02248,0.00573456
2.38001,0.377428,-0.0560493,-1.02356,0.0057861
2.4,0.384081,-0.0559999,-1.0266,0.00576868
2.42,0.389958,-0.0560012,-1.0297,0.00576913
2.44,0.396727,-0.0560063,-1.03174,0.00572404
2.46,0.403149,-0.0560448,-1.03197,0.00575726
2.48001,0.409013,-0.0560609,-1.0319,0.00574857
2.50001,0.414831,-0.0560226,-1.03189,0.00575292
2.52,0.421079,-0.0559824,-1.03187,0.00569663
2.54,0.427116,-0.0560715,-1.03186,0.0057458
2.56,0.433737,-0.0559944,-1.03187,0.00576467
2.58,0.440984,-0.0560509,-1.03187,0.00575909
2.6,0.448361,-0.0560507,-1.03185,0.00574816
2.62,0.455922,-0.0559437,-1.03177,0.00569228
2.64,0.463267,-0.0560535,-1.03167,0.00569243
2.66001,0.47122,-0.0560541,-1.03132,0.00563532
2.68001,0.479306,-0.0561082,-1.03122,0.0056248
2.7,0.487276,-0.0568284,-1.03112,0.00559027
2.72001,0.496571,-0.0582491,-1.03118,0.00565315
2.74,0.505811,-0.0582439,-1.03121,0.00556971
2.76,0.514471,-0.0582693,-1.03121,0.00564008
2.78001,0.522821,-0.058288,-1.03124,0.00553956
2.80001,0.530562,-0.0582602,-1.03129,0.00561922
2.82001,0.538022,-0.058292,-1.03126,0.00562326
2.84,0.545601,-0.0582437,-1.0313,0.00553521
2.86001,0.552451,-0.0583039,-1.03123,0.00558937
2.88001,0.559708,-0.058967,-1.03128,0.00558529
2.9,0.566535,-0.0604008,-1.03124,0.00566461
2.92001,0.573986,-0.0612769,-1.03128,0.00568929
2.94,0.581842,-0.0620786,-1.03122,0.00564401
2.96001,0.59012,-0.0635862,-1.03127,0.00567187
2.98,0.59881,-0.064212,-1.0312,0.00562326
3,0.608034,-0.0646474,-1.03122,0.0056445
3.02,0.617471,-0.0645934,-1.0312,0.00563146
3.04,0.626691,-0.0649852,-1.03117,0.0056512
3.06,0.635571,-0.0652325,-1.03116,0.00568277
3.08001,0.644784,-0.0654752,-1.03118,0.00561094
3.1,0.654189,-0.0655394,-1.03119,0.00565026
3.12,0.663505,-0.0655158,-1.03118,0.00559352
3.14,0.672393,-0.0655663,-1.03112,0.00567723
3.16,0.682213,-0.06552,-1.0311,0.00558236
3.18,0.69236,-0.0655098,-1.03111,0.00564154
3.20001,0.703358,-0.0655838,-1.03108,0.00562948
3.22,0.714331,-0.0655206,-1.03117,0.00560719
3.24001,0.724744,-0.0655674,-1.03111,0.00558345
3.26,0.73494,-0.0655778,-1.03112,0.00563341
3.28001,0.744173,-0.0659026,-1.03109,0.00564831
3.3,0.752954,-0.0666921,-1.03111,0.00558555
3.32,0.761207,-0.0668864,-1.03112,0.00561776
3.34,0.770058,-0.0669818,-1.03113,0.00563592
3.36,0.778496,-0.0670131,-1.03122,0.00566213
3.38001,0.787155,-0.066964,-1.03127,0.0056576
3.40001,0.795419,-0.0669853,-1.0313,0.00569224
3.42001,0.804169,-0.0670207,-1.0314,0.00571221
3.44,0.81209,-0.0669515,-1.03143,0.00568176
3.46,0.82017,-0.0669597,-1.03162,0.00567067
3.48,0.828345,-0.0669926,-1.03175,0.00564715
3.5,0.836064,-0.0670132,-1.03189,0.00563794
3.52,0.843943,-0.0669989,-1.03189,0.00571786
3.54,0.852188,-0.0669905,-1.03189,0.00566947
3.56,0.86084,-0.0669857,-1.03192,0.00571869
3.58,0.869331,-0.0669903,-1.03189,0.00570389
3.6,0.87814,-0.0669879,-1.03188,0.00564655
3.62,0.886579,-0.0669885,-1.03188,0.00570835
3.64,0.894603,-0.067008,-1.03189,0.00573749
3.66001,0.902351,-0.0669586,-1.03186,0.00570928
3.68,0.909905,-0.066972,-1.03185,0.00574763
3.7,0.917741,-0.0669479,-1.0319,0.00573445
3.72003,0.925919,-0.0669644,-1.03202,0.0057012
3.74,0.933948,-0.0669666,-1.03198,0.00571131
3.76,0.941923,-0.06693,-1.03208,0.005704
3.78,0.95026,-0.0669641,-1.0323,0.005633
3.80001,0.95757,-0.0669068,-1.03253,0.00566846
3.82,0.964319,-0.0669397,-1.03307,0.00563517
3.84,0.970796,-0.0669332,-1.03378,0.00559394
3.86,0.976263,-0.0669188,-1.0338,0.00564899
3.88001,0.981013,-0.0669425,-1.03368,0.00566547
3.9,0.985182,-0.0669667,-1.03377,0.00566165
3.92,0.988385,-0.0669371,-1.03366,0.00570082
3.94001,0.992042,-0.0669397,-1.03367,0.00565049
3.96001,0.995418,-0.0669413,-1.0337,0.0056515
3.98,0.998505,-0.0669772,-1.03366,0.00568225
4.00001,1.00207,-0.0669301,-1.03363,0.00563199
4.02,1.00514,-0.0669683,-1.03373,0.00564229
4.04,1.00774,-0.0669591,-1.03378,0.00563779
4.06,1.01024,-0.0669361,-1.03369,0.0056042
4.08001,1.01254,-0.0669077,-1.03382,0.00561236
4.10001,1.01448,-0.0669597,-1.03379,0.00560405
4.12,1.01559,-0.066947,-1.03375,0.00557967
4.14,1.01687,-0.066931,-1.03373,0.00557259
4.16,1.01741,-0.0669838,-1.03372,0.00561176
4.18,1.01743,-0.0669198,-1.03377,0.00555753
4.2,1.01742,-0.0669729,-1.03374,0.00557012
4.22001,1.01736,-0.0669589,-1.03381,0.00545589
4.24,1.01726,-0.0669311,-1.03374,0.00549956
4.26,1.01721,-0.0669827,-1.03373,0.00544623
4.28,1.01717,-0.0669246,-1.03376,0.00535227
4.3,1.01701,-0.0669634,-1.03373,0.00528422
4.32,1.01676,-0.0669653,-1.03379,0.00521243
4.34,1.01625,-0.0669412,-1.03376,0.00518894
4.36001,1.01545,-0.0669561,-1.03375,0.00512086
4.38,1.01486,-0.0669635,-1.03374,0.00502592
4.40001,1.0129,-0.0669141,-1.0338,0.00500525
4.42001,1.01109,-0.0669508,-1.03378,0.00506674
4.44,1.00873,-0.0669193,-1.03388,0.00496536
4.46,1.00521,-0.0669692,-1.03385,0.00490365
4.48,1.00069,-0.0669733,-1.03384,0.00495945
4.50001,0.996273,-0.0669235,-1.03378,0.00492458
4.52,0.991208,-0.0668002,-1.03389,0.00490979
4.54,0.985306,-0.0666346,-1.034,0.00490114
4.56,0.978442,-0.0663285,-1.03403,0.00486369
4.58,0.97194,-0.065895,-1.03412,0.00485058
4.6,0.964307,-0.0653222,-1.03425,0.00487279
4.62,0.956607,-0.0648832,-1.03479,0.00490492
4.64,0.94842,-0.0648942,-1.03581,0.0049299
4.66,0.939502,-0.0648746,-1.0386,0.00483129
4.68,0.9303,-0.0648663,-1.04241,0.00486485
4.7,0.920608,-0.0648407,-1.04545,0.00487226
4.71999,0.910476,-0.0648905,-1.04844,0.00489084
4.74,0.899964,-0.0648443,-1.04866,0.00483833
4.76,0.888499,-0.0646926,-1.04864,0.00487189
4.78001,0.876531,-0.0639917,-1.04865,0.00483148
4.80001,0.864302,-0.0625379,-1.04863,0.00477897
4.81999,0.851241,-0.0614956,-1.04851,0.00474628
4.84,0.837692,-0.0601128,-1.04852,0.00472493
4.86,0.823659,-0.0586751,-1.04859,0.00473845
4.88002,0.809988,-0.0566073,-1.04849,0.00470939
4.9,0.795819,-0.0553849,-1.04852,0.00468433
4.92001,0.781094,-0.0544674,-1.04853,0.00461071
4.94001,0.766075,-0.0536821,-1.04858,0.00416635
4.96,0.751376,-0.0528652,-1.04851,0.00323919
4.98001,0.737187,-0.0520835,-1.04855,0.00131523
5.00001,0.722099,-0.0509376,-1.04847,0.000905708
5.02002,0.707044,-0.049623,-1.04848,0.000547005
5.04,0.692273,-0.0487644,-1.04844,-0.000522662
5.06001,0.677002,-0.0475583,-1.04849,-0.000891814
5.08002,0.661406,-0.0471027,-1.04841,-0.000868632
5.10001,0.645639,-0.0467349,-1.0484,-0.000825676
5.12001,0.629732,-0.0458034,-1.04841,-0.000875972
5.14001,0.614234,-0.0451002,-1.04833,-0.000977988
5.16,0.598568,-0.0450853,-1.04838,-0.000966715
5.17999,0.582714,-0.0450694,-1.04829,-0.000952409
5.2,0.567597,-0.0450538,-1.04835,-0.00091949
5.22,0.553155,-0.0451229,-1.04837,-0.00100911
5.23999,0.53919,-0.0450677,-1.0484,-0.000994728
5.26,0.525594,-0.0451088,-1.04833,-0.000965404
5.27998,0.512761,-0.0451085,-1.04836,-0.000972258
5.3,0.500514,-0.0450957,-1.04831,-0.00107064
5.32,0.48811,-0.0450686,-1.04831,-0.000970086
5.34001,0.47607,-0.0450902,-1.04829,-0.0010339
5.36,0.465249,-0.0450764,-1.04813,-0.00087571
5.38,0.45723,-0.0450494,-1.04807,-0.000900277
5.4,0.450452,-0.0450482,-1.04817,-0.001328
5.42001,0.442971,-0.0445061,-1.04818,-0.0019292
5.44001,0.436128,-0.0437706,-1.04819,-0.0020056
5.46,0.430038,-0.0436722,-1.04817,-0.0023485
5.48,0.423306,-0.0436653,-1.04814,-0.00256725
5.49999,0.417266,-0.043581,-1.04813,-0.00300841
5.52,0.411066,-0.0435486,-1.04813,-0.00328641
5.54,0.404752,-0.0435587,-1.04823,-0.00340285
5.56,0.398749,-0.0435935,-1.0482,-0.00329027
5.58,0.39302,-0.0435872,-1.04815,-0.00334719
5.60001,0.386992,-0.0435838,-1.04813,-0.00335401
5.62,0.381783,-0.0435666,-1.04815,-0.00322312
5.64,0.377669,-0.043608,-1.04814,-0.00338097
5.65999,0.374273,-0.0436152,-1.04813,-0.00322818
5.68,0.371905,-0.0435955,-1.04819,-0.00320024
5.7,0.370365,-0.0436123,-1.04816,-0.00330622
5.72,0.369164,-0.0435919,-1.0482,-0.00355426
5.74,0.36696,-0.0436468,-1.04822,-0.00360482
5.76001,0.364744,-0.043575,-1.04825,-0.00394083
5.77999,0.362792,-0.0435907,-1.04822,-0.00538964
5.80001,0.361368,-0.0435802,-1.04824,-0.00711833
5.82001,0.359787,-0.0435785,-1.04828,-0.0075492
5.84,0.359342,-0.043549,-1.04825,-0.00785484
5.86001,0.359515,-0.0436242,-1.04819,-0.00791742
5.88,0.359664,-0.0436727,-1.04817,-0.00791817
5.90001,0.35966,-0.043647,-1.04805,-0.00792464
5.92001,0.35971,-0.0439506,-1.04767,-0.00793745
5.94,0.359796,-0.0444465,-1.04579,-0.00793404
5.96001,0.359878,-0.0467397,-1.04559,-0.00788105
5.98,0.36024,-0.0493715,-1.04557,-0.00788143
6.00001,0.360939,-0.0501446,-1.04557,-0.00783997
6.02,0.361894,-0.0501021,-1.04553,-0.00775836
6.04001,0.362562,-0.0501884,-1.04545,-0.00775862
6.06001,0.363847,-0.0501478,-1.04507,-0.00781289
6.08,0.364178,-0.0501918,-1.04297,-0.00780184
6.10001,0.363834,-0.0502124,-1.04007,-0.00785937
6.12001,0.362784,-0.0501289,-1.03615,-0.00784412
6.14,0.362753,-0.0500449,-1.03229,-0.00782285
6.15998,0.363334,-0.0501493,-1.02833,-0.00787487
6.17999,0.364322,-0.0501918,-1.02629,-0.00774394
6.2,0.365052,-0.0501901,-1.02277,-0.00769575
6.22001,0.366991,-0.0501764,-1.0157,-0.007615
6.24001,0.369455,-0.0501703,-1.0065,-0.00751392
6.26,0.372989,-0.0502858,-0.995487,-0.00750198
6.27999,0.377558,-0.0502453,-0.981789,-0.00741756
6.29999,0.383502,-0.0501365,-0.966399,-0.00740449
6.32,0.389571,-0.0501472,-0.950675,-0.00737614
6.34001,0.396571,-0.0501882,-0.935467,-0.007394
6.36,0.402974,-0.0503761,-0.919534,-0.00734371
6.38,0.409138,-0.052866,-0.900527,-0.00737341
6.4,0.415293,-0.0580643,-0.879594,-0.0072672
6.42,0.421132,-0.0642655,-0.858164,-0.00715293
6.44,0.426136,-0.0714472,-0.836983,-0.00709189
6.46,0.429494,-0.0791105,-0.816999,-0.00707283
6.48001,0.430987,-0.0878625,-0.797968,-0.0070538
6.5,0.431262,-0.0979813,-0.779797,-0.00698362
6.52,0.430561,-0.110232,-0.762563,-0.00726971
6.53999,0.424981,-0.122212,-0.745074,-0.00746685
6.56001,0.415505,-0.132999,-0.728353,-0.0076277
6.58,0.402667,-0.141192,-0.712838,-0.00763077
6.60001,0.387176,-0.146561,-0.697429,-0.00761886
6.62001,0.371222,-0.147822,-0.680646,-0.00759598
6.63999,0.355532,-0.14781,-0.659416,-0.00757774
6.66001,0.339915,-0.147747,-0.635538,-0.00761744
6.67999,0.324556,-0.147704,-0.610809,-0.00758298
6.70001,0.309027,-0.147713,-0.585985,-0.00758208
6.72,0.294367,-0.147703,-0.559159,-0.00757422
6.74,0.28163,-0.147749,-0.527776,-0.00755864
6.76001,0.270085,-0.147755,-0.491885,-0.00754253
6.77999,0.259306,-0.147689,-0.453819,-0.00761508
6.80001,0.248344,-0.147443,-0.415911,-0.00835117
6.82,0.236597,-0.147415,-0.37989,-0.00921905
6.84,0.224243,-0.147454,-0.347023,-0.0109164
6.86001,0.209855,-0.147321,-0.31818,-0.0111993
6.88,0.194699,-0.146723,-0.295937,-0.0111662
6.90001,0.179037,-0.145462,-0.281404,-0.0112235
6.92001,0.162683,-0.145045,-0.273607,-0.0112415
6.94001,0.145311,-0.144998,-0.272757,-0.0112223
6.96,0.128535,-0.144955,-0.27294,-0.0112238
6.98001,0.113182,-0.144361,-0.272989,-0.0112843
7.00001,0.0999962,-0.142865,-0.272912,-0.0112154
7.02001,0.0888437,-0.140925,-0.272987,-0.0111239
7.04001,0.079555,-0.138968,-0.272947,-0.0113165
7.06,0.0715014,-0.135793,-0.272978,-0.0112218
7.08001,0.0657714,-0.13195,-0.272963,-0.0112547
7.1,0.0611328,-0.126727,-0.272997,-0.0113257
7.12001,0.0572923,-0.119752,-0.273043,-0.0114239
7.14,0.0543081,-0.110858,-0.272923,-0.0118093
7.16001,0.0514801,-0.100934,-0.272924,-0.0133678
7.18001,0.0492654,-0.0907516,-0.272868,-0.0180765
7.2,0.0474756,-0.0813283,-0.272849,-0.0237689
7.22001,0.0448538,-0.0741428,-0.27281,-0.0293279
7.24001,0.0407864,-0.0705963,-0.272842,-0.0350927
7.26,0.0363403,-0.0700776,-0.272889,-0.040295
7.28001,0.0315894,-0.0700489,-0.272745,-0.044232
7.30001,0.0258408,-0.0701053,-0.272769,-0.0466272
7.32001,0.0193945,-0.0700811,-0.272847,-0.0468044
7.34001,0.0133988,-0.0700699,-0.272799,-0.0470501
7.36002,0.00721263,-0.070096,-0.272807,-0.047361
7.38001,0.00116779,-0.0700727,-0.272791,-0.0473739
7.40001,-0.00487541,-0.0701293,-0.272749,-0.0475462
7.42,-0.0111844,-0.070036,-0.272754,-0.0475242
7.44001,-0.0166856,-0.0701387,-0.272758,-0.0476052
7.46,-0.0227148,-0.070136,-0.272707,-0.0476732
7.48001,-0.028669,-0.070109,-0.272678,-0.0476082
7.50001,-0.0344097,-0.0701345,-0.27267,-0.047605
7.52,-0.039116,-0.070101,-0.272777,-0.0472444
7.54,-0.0392643,-0.0700861,-0.272647,-0.0475342
7.56001,-0.0389119,-0.0700828,-0.272585,-0.0475841
7.58,-0.0389491,-0.0700696,-0.272616,-0.0475863
7.60001,-0.0389545,-0.0701228,-0.272606,-0.0475447
7.62001,-0.0389299,-0.0701354,-0.272598,-0.0476266
7.64001,-0.038995,-0.0701835,-0.272606,-0.0476315
7.66001,-0.0389552,-0.0701657,-0.272598,-0.0476341
7.68002,-0.0389417,-0.0701091,-0.272632,-0.0475759
7.70001,-0.0388844,-0.0700692,-0.272589,-0.0476138
7.72001,-0.0389764,-0.0701126,-0.27264,-0.0476346
7.74002,-0.0389479,-0.0701235,-0.272676,-0.0475828
7.76,-0.0389365,-0.0701944,-0.272694,-0.0475939
7.78001,-0.0389316,-0.0701088,-0.272745,-0.0475955
7.80001,-0.0389056,-0.0700462,-0.27279,-0.0475887
7.82001,-0.038964,-0.0700694,-0.272831,-0.0476087
7.84001,-0.0384006,-0.0701253,-0.272753,-0.0475385
7.86001,-0.0373234,-0.0700228,-0.272805,-0.0475055
7.88001,-0.0355435,-0.0700829,-0.272798,-0.0475075
7.9,-0.0337898,-0.0700848,-0.272786,-0.04748
7.92001,-0.0330709,-0.0701244,-0.272802,-0.0475191
7.94001,-0.0331961,-0.0700652,-0.272792,-0.0474851
7.96,-0.0333197,-0.0700762,-0.272786,-0.0475398
7.98001,-0.0333163,-0.0700716,-0.272812,-0.0474635
8,-0.0333197,-0.0700829,-0.272742,-0.0475696
8.02001,-0.033289,-0.0701257,-0.272784,-0.0475256
8.04001,-0.033288,-0.0700628,-0.272774,-0.047522
8.06001,-0.0332803,-0.0701059,-0.272793,-0.047533
8.08,-0.0332524,-0.070128,-0.272778,-0.0474693
8.1,-0.0332724,-0.0700819,-0.272781,-0.0475265
8.12001,-0.0332958,-0.070042,-0.272774,-0.0475156
8.14,-0.0332612,-0.0700749,-0.272789,-0.0475288
8.16001,-0.0332784,-0.0701341,-0.272763,-0.0475169
8.18,-0.0332875,-0.0700517,-0.272767,-0.0474558
8.20001,-0.033261,-0.0700404,-0.27278,-0.0475195
8.22,-0.0332542,-0.0701549,-0.272813,-0.0475023
8.24,-0.0332674,-0.0700689,-0.272745,-0.0475577
8.26001,-0.0332711,-0.0700387,-0.272774,-0.0474688
8.28,-0.0333018,-0.070037,-0.272799,-0.0474951
8.30001,-0.0332816,-0.0701406,-0.272811,-0.0474695
8.32,-0.0332597,-0.0700406,-0.272756,-0.0475512
8.34,-0.0332968,-0.0701552,-0.272785,-0.0475101
8.36,-0.0332488,-0.0700657,-0.272792,-0.0475428
8.38,-0.0333047,-0.070072,-0.272763,-0.0474888
8.4,-0.0332914,-0.0700815,-0.272833,-0.0474963
8.42001,-0.0332732,-0.070093,-0.272809,-0.0474958
8.44003,-0.0332443,-0.0700744,-0.272777,-0.0474706
8.46,-0.0332963,-0.0701439,-0.272825,-0.0474832
8.48001,-0.0332993,-0.0700907,-0.272737,-0.0475598
8.5,-0.0332445,-0.0700959,-0.272786,-0.0475279
8.52001,-0.0332697,-0.0699774,-0.272799,-0.0474942
8.54001,-0.0332735,-0.0700942,-0.272776,-0.0475175
8.56,-0.0332987,-0.0701017,-0.272764,-0.0474833
8.58001,-0.0332617,-0.0700994,-0.27282,-0.0475063
8.6,-0.033269,-0.0700326,-0.272746,-0.0475164
8.62,-0.0333039,-0.0701191,-0.272832,-0.0475335
8.64001,-0.0333318,-0.0700427,-0.272787,-0.0474918
8.66,-0.0333421,-0.0700788,-0.272784,-0.0475271
8.68,-0.0332114,-0.0700737,-0.272804,-0.0475196
8.70001,-0.0333063,-0.0700911,-0.27278,-0.0474913
8.72001,-0.033296,-0.0700459,-0.272797,-0.0474952
8.74001,-0.0332864,-0.0700847,-0.272809,-0.0475325
8.76,-0.0332779,-0.070087,-0.2728,-0.0475028
8.78001,-0.0332795,-0.0700153,-0.272826,-0.0474921
8.8,-0.0333339,-0.0700642,-0.272795,-0.0475017
8.82001,-0.033313,-0.070109,-0.272797,-0.0475022
8.84,-0.0333057,-0.0700915,-0.272815,-0.0475105
8.86001,-0.0332785,-0.0701314,-0.272853,-0.0474957
8.88001,-0.0333117,-0.070109,-0.272758,-0.0475212
8.90001,-0.0332927,-0.0700671,-0.272813,-0.0474772
8.92001,-0.0332396,-0.070056,-0.272824,-0.0475411
8.94,-0.0332385,-0.0700728,-0.272804,-0.0475263
8.96,-0.0332475,-0.0701142,-0.272738,-0.0475297
8.98,-0.0332512,-0.0701515,-0.272824,-0.0475197
9,-0.0332936,-0.0700288,-0.272823,-0.0475496
9.02,-0.0332738,-0.0700673,-0.272773,-0.047483
9.04,-0.033267,-0.0701236,-0.272803,-0.0475401
9.06,-0.0332912,-0.0700552,-0.272815,-0.0474472
9.08,-0.0332491,-0.0700825,-0.272807,-0.0474666
9.1,-0.0332435,-0.07009,-0.272758,-0.0475143
9.12,-0.033286,-0.0701661,-0.272834,-0.0475516
9.14001,-0.0332836,-0.0700717,-0.272812,-0.0475073
9.16001,-0.0332164,-0.0701075,-0.272773,-0.0475061
9.18,-0.0332732,-0.0700617,-0.272801,-0.0475494
9.2,-0.0332927,-0.0700718,-0.272829,-0.0475099
9.22002,-0.0332763,-0.070088,-0.272796,-0.0475252
9.24001,-0.0332585,-0.0700858,-0.272763,-0.0475416
9.26003,-0.0332736,-0.0701069,-0.272793,-0.0474653
9.28001,-0.0332979,-0.0700854,-0.272807,-0.047491
9.30003,-0.0332739,-0.0700931,-0.272784,-0.0474873
9.32,-0.0333124,-0.0701019,-0.272756,-0.0474699
9.34001,-0.0333181,-0.0700998,-0.27279,-0.0474825
9.36,-0.0332646,-0.0701606,-0.272802,-0.0475142
9.38,-0.0333028,-0.0701168,-0.27277,-0.0474907
9.4,-0.033293,-0.0700892,-0.272785,-0.0474665
9.42,-0.0333249,-0.0699982,-0.27285,-0.0475072
9.44001,-0.0333391,-0.0701068,-0.272792,-0.0475045
9.46,-0.0332324,-0.070103,-0.27277,-0.0475047
9.48001,-0.0332448,-0.0700769,-0.272757,-0.0475545
9.5,-0.0332702,-0.0700665,-0.272817,-0.047505
9.52001,-0.0332775,-0.0701566,-0.27279,-0.0475145
9.54,-0.0332834,-0.0700402,-0.272728,-0.0474561
9.56,-0.0332974,-0.0700404,-0.272791,-0.0475036
9.58001,-0.0332777,-0.0700503,-0.272762,-0.0475158
9.6,-0.0332906,-0.070088,-0.272784,-0.0475266
9.62001,-0.0333107,-0.0701254,-0.272742,-0.0474998
9.64,-0.0332426,-0.0700753,-0.272797,-0.0475367
9.66,-0.0332617,-0.0701228,-0.272788,-0.0474851
9.68,-0.0332928,-0.0701194,-0.272797,-0.0475217
9.7,-0.0333185,-0.0700696,-0.27282,-0.0474665
9.72,-0.0332737,-0.0701329,-0.272806,-0.0475246
9.74,-0.0332881,-0.0701112,-0.272795,-0.0475327
9.76,-0.0332657,-0.0700926,-0.272785,-0.0475503
9.78,-0.0332663,-0.0700412,-0.27284,-0.0475244
9.8,-0.0332607,-0.0700767,-0.272765,-0.0475057
9.82,-0.0332561,-0.0700546,-0.272815,-0.0475125
9.84001,-0.0332509,-0.0701045,-0.272791,-0.0475001
9.86,-0.0332666,-0.0700934,-0.272796,-0.0475166
9.88,-0.033265,-0.0700948,-0.272769,-0.047507
9.90001,-0.0332838,-0.0700637,-0.272796,-0.0475187
9.92,-0.0332994,-0.0700398,-0.272776,-0.047467
9.94001,-0.0332819,-0.0700517,-0.272804,-0.0475643
9.96001,-0.0332881,-0.0700548,-0.27277,-0.047516
9.98,-0.0332266,-0.0701064,-0.272796,-0.0475043
10,-0.0332945,-0.0700454,-0.272759,-0.0474675
10.02,-0.033312,-0.0700743,-0.27278,-0.0475003
10.04,-0.033269,-0.070021,-0.272734,-0.0475439
10.06,-0.0333066,-0.0700666,-0.272777,-0.0474766
10.08,-0.0332652,-0.0701205,-0.272791,-0.0475119
10.1,-0.0332557,-0.0700771,-0.272784,-0.0474702
10.12,-0.0332348,-0.0700765,-0.27279,-0.0474964
10.14,-0.0333005,-0.0700925,-0.272772,-0.0474898
10.16,-0.0332218,-0.0701025,-0.272734,-0.0475422
10.18,-0.0332864,-0.0700103,-0.272775,-0.0475469
10.2,-0.0332914,-0.0700259,-0.272765,-0.0475093
10.22,-0.0332575,-0.0700105,-0.272822,-0.0475143
10.24,-0.0332776,-0.0700704,-0.272779,-0.0475304
10.26,-0.0332706,-0.0700381,-0.272781,-0.0474857
10.28,-0.033277,-0.0700541,-0.27278,-0.0475015
10.3,-0.0332797,-0.0700556,-0.272768,-0.0475162
10.32,-0.0332071,-0.0700785,-0.272789,-0.0474949
10.34,-0.0332499,-0.070138,-0.272757,-0.0475208
10.36,-0.0333213,-0.0700933,-0.272779,-0.0475159
10.38,-0.0332857,-0.0700774,-0.272792,-0.04755
10.4,-0.0332705,-0.0700602,-0.272766,-0.0475473
10.42,-0.0332571,-0.0701123,-0.272778,-0.0475371
10.44,-0.0332593,-0.0700488,-0.272809,-0.0474921
10.46,-0.0332696,-0.0700606,-0.272823,-0.0474881
10.48,-0.0332992,-0.070121,-0.27282,-0.0475129
10.5,-0.0333031,-0.0700964,-0.272837,-0.0475453
10.52,-0.0332858,-0.0701066,-0.272806,-0.0474975
10.54,-0.0332521,-0.0700456,-0.272796,-0.0474746
10.56,-0.0332551,-0.0700598,-0.272792,-0.0475043
10.58,-0.0333067,-0.0700926,-0.272811,-0.0474654
10.6,-0.0332534,-0.0700973,-0.272762,-0.0475345
10.62,-0.0332288,-0.0700552,-0.272797,-0.0474958
10.64,-0.0332704,-0.0700724,-0.272787,-0.0475175
10.66,-0.0332921,-0.070112,-0.272766,-0.0475443
10.68,-0.0332557,-0.0701213,-0.272803,-0.04753
10.7,-0.0332586,-0.0700322,-0.272806,-0.0475024
10.72,-0.033248,-0.0700971,-0.272739,-0.0475429
10.74,-0.0332614,-0.0700983,-0.272828,-0.0475013
10.76,-0.0333279,-0.0700799,-0.272796,-0.0475157
10.78,-0.0332093,-0.0700386,-0.272795,-0.047517
10.8,-0.0332546,-0.0701049,-0.272761,-0.0474984
10.82,-0.0332526,-0.070042,-0.27279,-0.0475478
10.84,-0.033283,-0.0700777,-0.272769,-0.0475286
10.86,-0.0333049,-0.0700421,-0.272798,-0.0475312
10.88,-0.0332739,-0.0699808,-0.272803,-0.0474718
10.9,-0.0332575,-0.0700574,-0.272808,-0.0475177
10.92,-0.0332907,-0.070111,-0.272799,-0.0474788
10.94,-0.0332711,-0.0701141,-0.272794,-0.0475855
10.96,-0.0332874,-0.0700673,-0.272812,-0.0475515
10.98,-0.0332551,-0.0700729,-0.272818,-0.0475035
11,-0.0332425,-0.0700457,-0.272826,-0.0474782
11.02,-0.0332726,-0.07013,-0.272803,-0.0475215
11.04,-0.0332513,-0.0700681,-0.272772,-0.047517
11.06,-0.0333155,-0.0701526,-0.272762,-0.0475091
11.08,-0.0332699,-0.0700768,-0.2728,-0.0475379
11.1,-0.0332587,-0.0700952,-0.272758,-0.047519
11.12,-0.0332253,-0.0700387,-0.272785,-0.0474842
11.14,-0.0332565,-0.070071,-0.272815,-0.0475054
11.16,-0.0332611,-0.0700054,-0.272744,-0.0475092
11.18,-0.033297,-0.0701034,-0.27281,-0.0475141
11.2,-0.0332991,-0.0700778,-0.272789,-0.0474814
11.22,-0.0332807,-0.0701559,-0.272789,-0.0475646
11.24,-0.0332754,-0.0701425,-0.272779,-0.0474987
11.26,-0.0332521,-0.0700379,-0.272776,-0.0474968
11.28,-0.0332647,-0.0700443,-0.272803,-0.0475124
11.3,-0.0332539,-0.0701356,-0.272766,-0.0475036
11.32,-0.0332825,-0.0700198,-0.272818,-0.0475129
11.34,-0.0332897,-0.0700564,-0.272818,-0.047532
11.36,-0.0332583,-0.0700939,-0.272779,-0.0475175
11.38,-0.0332716,-0.0700691,-0.272823,-0.0475367
11.4,-0.0332834,-0.070078,-0.272801,-0.0475366
11.42,-0.0332741,-0.070108,-0.272814,-0.0474702
11.44,-0.0332773,-0.0700573,-0.272777,-0.0475497
11.46,-0.0332597,-0.0701029,-0.272741,-0.0475012
11.48,-0.0333185,-0.0701451,-0.272796,-0.0474844
11.5,-0.0332677,-0.0701138,-0.27279,-0.0474998
11.52,-0.0332506,-0.0700939,-0.2728,-0.0474907
11.54,-0.0332904,-0.0701105,-0.272773,-0.0475118
11.56,-0.0332378,-0.0700638,-0.272793,-0.0474857
11.58,-0.0332921,-0.0700626,-0.272749,-0.0475329
11.6,-0.0332491,-0.0700335,-0.272771,-0.0475036
11.62,-0.0332955,-0.0701143,-0.27279,-0.0474758
11.64,-0.0333038,-0.0701208,-0.27278,-0.0475033
11.66,-0.0332557,-0.0700479,-0.272768,-0.0474767
11.68,-0.0332772,-0.0700434,-0.27279,-0.0474837
11.7,-0.0332425,-0.0700557,-0.272798,-0.0475394
11.72,-0.0332659,-0.0701064,-0.272772,-0.047538
11.74,-0.03323,-0.0700528,-0.272772,-0.0475058
11.76,-0.0332193,-0.0701601,-0.272774,-0.0475001
11.78,-0.0332714,-0.0700391,-0.272835,-0.0475197
11.8,-0.0332593,-0.0701015,-0.272769,-0.0474943
11.82,-0.0332923,-0.0700925,-0.272794,-0.0475006
11.84,-0.0332644,-0.0700713,-0.272814,-0.0475207
11.86,-0.0332731,-0.0700479,-0.272739,-0.0475318
11.88,-0.0332438,-0.0701341,-0.272776,-0.047546
11.9,-0.0332564,-0.0701063,-0.27279,-0.0475021
11.92,-0.0332922,-0.070115,-0.27279,-0.0475461
11.94,-0.0332183,-0.0701054,-0.272809,-0.047564
11.96,-0.033277,-0.0699989,-0.27278,-0.0474725
11.98,-0.0332512,-0.0700956,-0.272804,-0.0474903
12,-0.0332599,-0.0700781,-0.272773,-0.0475182
12.02,-0.0332817,-0.0701135,-0.27282,-0.0475375
