t_s,l_shoulder_pitch_rad,l_shoulder_roll_rad,l_shoulder_yaw_rad,l_elbow_rad,r_shoulder_pitch_rad,r_shoulder_roll_rad,r_shoulder_yaw_rad,r_elbow_rad
0,0.00914988,-0.00251553,-0.000574119,0.000234516,-0.0157421,-0.0139838,0.00437082,-0.00265552
0.0199907,0.0143433,-0.00256032,-0.000891608,0.000234516,-0.0220228,-0.0135352,0.0118252,-0.00316316
0.0400017,0.0202892,-0.00261524,-0.00126542,0.000240115,-0.0296516,-0.0116511,0.0248806,-0.00337172
0.0599959,0.0272471,-0.00274042,-0.00263269,0.000218937,-0.0372053,-0.00899645,0.0407572,-0.00338637
0.0799873,0.0352829,-0.00284917,-0.00441729,0.000218937,-0.045084,-0.00443458,0.0585684,-0.00337172
0.0999867,0.0434932,-0.0033991,-0.00718585,0.000218937,-0.0538632,0.00127475,0.0778669,-0.00327035
0.119974,0.0515031,-0.00497014,-0.0133019,0.000223862,-0.0618779,0.0085834,0.0983557,-0.0031732
0.139989,0.0593271,-0.00775321,-0.0228977,0.000251613,-0.0709031,0.0167475,0.119668,-0.00312062
0.15998,0.0668877,-0.011948,-0.0352048,0.000223862,-0.0793456,0.0250095,0.142081,-0.00311028
0.179987,0.0737457,-0.0177831,-0.050583,0.000211185,-0.0885339,0.0330226,0.164672,-0.00305748
0.199987,0.0795943,-0.0258782,-0.0704027,0.000211185,-0.0976359,0.0410409,0.188277,-0.00297085
0.219992,0.08501,-0.0359062,-0.096369,0.000236763,-0.106608,0.0485054,0.211521,-0.00280656
0.23999,0.0896021,-0.0468697,-0.12853,0.000242924,-0.116139,0.0550198,0.233998,-0.00264387
0.259986,0.0940678,-0.0596999,-0.166635,0.000242924,-0.125847,0.0600437,0.255969,-0.00249291
0.280012,0.0983685,-0.074148,-0.209683,0.000220135,-0.136092,0.0640061,0.276375,-0.00239052
0.299996,0.102834,-0.0903616,-0.255643,0.000210286,-0.145746,0.0664807,0.296619,-0.00231176
0.32,0.107166,-0.106953,-0.302945,0.000220135,-0.15589,0.0685997,0.317593,-0.00230011
0.339998,0.111862,-0.123776,-0.351306,0.00021581,-0.165654,0.0704504,0.337903,-0.00195657
0.360007,0.117738,-0.140593,-0.400886,0.00021581,-0.175682,0.0715806,0.357697,-0.00178876
0.380005,0.125102,-0.155669,-0.449524,0.00021581,-0.18602,0.0721862,0.376182,-0.00178876
0.399994,0.13381,-0.170004,-0.494257,0.000263391,-0.196371,0.0721862,0.392648,-0.00178876
0.419992,0.143535,-0.182858,-0.533764,0.000263391,-0.206831,0.0721862,0.409139,-0.00163663
0.439998,0.154459,-0.194056,-0.567759,0.000263391,-0.216227,0.0722297,0.426211,-0.00163645
0.459994,0.16659,-0.202681,-0.596672,0.00019407,-0.225621,0.0722297,0.443846,-0.00163663
0.479997,0.179081,-0.208968,-0.620793,0.000237419,-0.233772,0.0721683,0.462988,-0.00153612
0.499997,0.191726,-0.211789,-0.641352,0.000237419,-0.243027,0.0719524,0.485029,-0.00131003
0.520004,0.204716,-0.212196,-0.658833,0.000237419,-0.25135,0.0719455,0.509942,-0.00118749
0.540014,0.217395,-0.212196,-0.67341,0.000202327,-0.2606,0.0719524,0.537363,-0.000715009
0.560007,0.229137,-0.212198,-0.68749,0.000188602,-0.268813,0.0719565,0.566106,-0.000603968
0.579999,0.239051,-0.212202,-0.70338,0.000156038,-0.277641,0.0719565,0.595388,-0.000494761
0.599994,0.248021,-0.212224,-0.721233,0.000146882,-0.285794,0.0719514,0.625257,-8.72227e-05
0.619997,0.255697,-0.212206,-0.74091,0.000146882,-0.295177,0.0716089,0.656676,0.000575879
0.640006,0.262573,-0.212225,-0.763234,0.000145271,-0.303828,0.0708002,0.689285,0.000700815
0.660001,0.268062,-0.212206,-0.788544,0.000110105,-0.312633,0.0699982,0.722229,0.0007974
0.680028,0.271842,-0.21222,-0.816239,8.79904e-05,-0.320607,0.0695672,0.754757,0.000873051
0.700007,0.274574,-0.212194,-0.846434,6.52204e-05,-0.328577,0.0695421,0.78677,0.0007974
0.720004,0.276431,-0.2122,-0.877202,5.05397e-05,-0.335725,0.0695315,0.816705,0.000873051
0.739997,0.277533,-0.212173,-0.906712,9.3065e-06,-0.343037,0.069526,0.843104,0.000879942
0.760002,0.277933,-0.212199,-0.934801,9.3065e-06,-0.349925,0.0687854,0.86486,0.00174397
0.780012,0.278085,-0.212199,-0.962701,9.3065e-06,-0.355815,0.0661186,0.882129,0.00276753
0.800007,0.278085,-0.212199,-0.98904,-1.93246e-05,-0.36172,0.0613568,0.893711,0.00462063
0.819997,0.277835,-0.212104,-1.01297,-0.000146825,-0.366176,0.0543553,0.897278,0.00748568
0.840003,0.277615,-0.211629,-1.03375,-0.000269814,-0.368593,0.0457147,0.89739,0.00864755
0.859997,0.277188,-0.210782,-1.05255,-0.000436469,-0.369384,0.0351325,0.897293,0.00939159
0.879995,0.277094,-0.208973,-1.06972,-0.000642036,-0.369384,0.0236361,0.897293,0.0101855
0.899998,0.277094,-0.207308,-1.08487,-0.00117702,-0.369225,0.0117382,0.897293,0.0115461
0.919996,0.277098,-0.204767,-1.09806,-0.00275978,-0.369013,2.07477e-05,0.897295,0.0167482
0.940008,0.277104,-0.202547,-1.10783,-0.00490711,-0.368954,-0.0113596,0.897295,0.0244506
0.960001,0.277104,-0.199971,-1.11458,-0.00747095,-0.368946,-0.0214445,0.897257,0.033526
0.979995,0.277104,-0.196205,-1.11828,-0.00968917,-0.368854,-0.029634,0.897257,0.0424568
1,0.277291,-0.190548,-1.11843,-0.0151849,-0.368692,-0.0362453,0.89729,0.0514078
1.02,0.277291,-0.18385,-1.11843,-0.0208583,-0.368676,-0.0411985,0.897495,0.0601821
1.04,0.276981,-0.176578,-1.11845,-0.0236993,-0.368426,-0.0455773,0.897667,0.0678238
1.06,0.276981,-0.168882,-1.11845,-0.0274753,-0.367688,-0.0496759,0.897742,0.0744664
1.08,0.276978,-0.161126,-1.11849,-0.0332015,-0.366014,-0.0541716,0.897742,0.0766802
1.1,0.276978,-0.152997,-1.11866,-0.0382735,-0.363398,-0.0588648,0.897682,0.0769295
1.12,0.276978,-0.145602,-1.11963,-0.0431485,-0.361517,-0.0637903,0.897682,0.0774355
1.13999,0.277283,-0.139435,-1.12304,-0.0510644,-0.361517,-0.0680346,0.89769,0.0814529
1.16,0.277283,-0.134066,-1.12859,-0.0580779,-0.361711,-0.0717318,0.897743,0.0882534
1.17999,0.277218,-0.128091,-1.13738,-0.0652591,-0.361711,-0.0750299,0.897829,0.0941944
1.20001,0.277139,-0.123107,-1.14832,-0.0736145,-0.361597,-0.0781624,0.897838,0.100807
1.22,0.277139,-0.119629,-1.16273,-0.0823502,-0.361441,-0.0795785,0.897966,0.108688
1.24,0.277126,-0.116974,-1.17923,-0.09173,-0.361463,-0.0802488,0.898035,0.115866
1.26,0.276941,-0.11548,-1.19703,-0.100598,-0.361407,-0.0805793,0.898117,0.124403
1.27999,0.276941,-0.11548,-1.21656,-0.109833,-0.361396,-0.0805793,0.898245,0.132002
1.3,0.276952,-0.11545,-1.23803,-0.117715,-0.361319,-0.0805242,0.898253,0.140104
1.32,0.276952,-0.115443,-1.25901,-0.125417,-0.361289,-0.0805242,0.898253,0.14698
1.34001,0.276418,-0.115357,-1.2791,-0.130238,-0.361005,-0.0805505,0.898244,0.154344
1.35999,0.276111,-0.114502,-1.29834,-0.134542,-0.360965,-0.0805769,0.898217,0.161571
1.38,0.275762,-0.113189,-1.31567,-0.138252,-0.360281,-0.0805769,0.898216,0.168652
1.39999,0.275169,-0.11197,-1.33049,-0.140698,-0.360049,-0.0803807,0.898216,0.176151
1.41998,0.27312,-0.110669,-1.34192,-0.140934,-0.359079,-0.0800289,0.898211,0.183298
1.44,0.270192,-0.109591,-1.34931,-0.140997,-0.35822,-0.0797129,0.898175,0.191543
1.46,0.26636,-0.106934,-1.35209,-0.140997,-0.356877,-0.0795134,0.898175,0.199032
1.48,0.262262,-0.103099,-1.35224,-0.140957,-0.354874,-0.0794101,0.898184,0.206372
1.5,0.257453,-0.098639,-1.35224,-0.140957,-0.351806,-0.0794101,0.898184,0.211519
1.52,0.25231,-0.0928341,-1.35221,-0.140955,-0.346089,-0.0793758,0.89812,0.212806
1.53999,0.247833,-0.0875332,-1.35215,-0.140967,-0.339517,-0.0793739,0.898082,0.212806
1.55997,0.243853,-0.0825178,-1.35208,-0.14093,-0.33236,-0.0792179,0.898059,0.212726
1.57999,0.240665,-0.0775666,-1.35208,-0.140959,-0.325779,-0.0787525,0.898027,0.212524
1.59999,0.23724,-0.0730525,-1.35207,-0.140959,-0.321066,-0.0778639,0.898022,0.212457
1.62,0.234025,-0.069483,-1.35207,-0.140959,-0.316444,-0.0765239,0.897971,0.212457
1.64,0.231382,-0.0658163,-1.35206,-0.140962,-0.312834,-0.0749874,0.897971,0.212284
1.66,0.229155,-0.0636732,-1.35206,-0.140953,-0.310928,-0.0735391,0.897934,0.212284
1.67999,0.2272,-0.0633229,-1.35208,-0.140987,-0.309897,-0.0726544,0.897929,0.212328
1.7,0.225364,-0.0624074,-1.35213,-0.140938,-0.309262,-0.0726544,0.897892,0.212421
1.72,0.223716,-0.0604305,-1.35213,-0.141008,-0.308495,-0.0737102,0.897844,0.212421
1.73999,0.221876,-0.057595,-1.35212,-0.14102,-0.307711,-0.0747513,0.897762,0.212421
1.76001,0.220256,-0.0529869,-1.35209,-0.141095,-0.306963,-0.0747513,0.897692,0.212445
1.78,0.218531,-0.0466219,-1.35209,-0.141133,-0.306206,-0.074741,0.897659,0.212538
1.79999,0.216169,-0.0406754,-1.35203,-0.141251,-0.305245,-0.0741041,0.897584,0.212633
1.82,0.213474,-0.0347247,-1.35203,-0.141317,-0.304372,-0.0731908,0.897552,0.212633
1.84001,0.210767,-0.0300559,-1.35205,-0.141321,-0.30383,-0.0728432,0.897544,0.212633
1.86,0.208268,-0.0263908,-1.35206,-0.14134,-0.303805,-0.0727865,0.897513,0.212644
1.88,0.206335,-0.0242553,-1.35209,-0.141394,-0.303768,-0.072777,0.897544,0.212644
1.89999,0.204703,-0.0240712,-1.35206,-0.141452,-0.303759,-0.0726897,0.897502,0.212668
1.91999,0.204096,-0.0240336,-1.35204,-0.141452,-0.303482,-0.0719857,0.897544,0.212676
1.94,0.204096,-0.0240336,-1.35204,-0.141452,-0.302749,-0.0706238,0.897556,0.212684
1.96,0.204188,-0.0240777,-1.35204,-0.141444,-0.301451,-0.0689386,0.897556,0.212676
1.97999,0.204375,-0.0240878,-1.35203,-0.141469,-0.299415,-0.0673831,0.897551,0.212649
1.99999,0.204421,-0.0240878,-1.35203,-0.141489,-0.297852,-0.0665497,0.897516,0.212632
2.02001,0.204447,-0.024028,-1.35203,-0.141489,-0.296093,-0.066021,0.897551,0.212632
2.03999,0.204459,-0.024028,-1.35204,-0.141472,-0.294347,-0.0655771,0.89755,0.212632
2.06,0.204477,-0.0240293,-1.35204,-0.141471,-0.293186,-0.0655421,0.897565,0.212605
2.07999,0.205174,-0.024045,-1.35204,-0.141471,-0.292692,-0.0655169,0.89755,0.212542
2.09999,0.206321,-0.0240537,-1.35205,-0.141466,-0.292651,-0.0655097,0.897561,0.21253
2.12,0.207316,-0.0240704,-1.35204,-0.141466,-0.292692,-0.0654554,0.897517,0.212528
2.13999,0.208378,-0.0240756,-1.35204,-0.141467,-0.292906,-0.0653823,0.897517,0.2125
2.16001,0.209682,-0.0240756,-1.35201,-0.141467,-0.293808,-0.0650697,0.897512,0.212061
2.18,0.211121,-0.0240756,-1.35197,-0.141426,-0.29505,-0.0646207,0.897509,0.212001
2.19999,0.212651,-0.0240969,-1.35196,-0.141408,-0.29599,-0.0638731,0.897431,0.211501
2.21999,0.214781,-0.0240969,-1.35196,-0.141406,-0.297187,-0.0626416,0.897431,0.211206
2.24,0.217201,-0.024062,-1.35197,-0.14139,-0.298511,-0.0617593,0.897438,0.211155
2.26,0.220133,-0.0240468,-1.35197,-0.141342,-0.300491,-0.0617593,0.89745,0.211079
2.27999,0.223675,-0.0240468,-1.35197,-0.141333,-0.303013,-0.0618015,0.897509,0.210999
2.29999,0.226743,-0.0240427,-1.35197,-0.141322,-0.305544,-0.0620975,0.897509,0.210986
2.32,0.229883,-0.0240498,-1.35197,-0.141296,-0.3076,-0.0620975,0.897506,0.210986
2.34,0.233412,-0.0240427,-1.35188,-0.141263,-0.309455,-0.061985,0.897506,0.210986
2.35999,0.236551,-0.0240848,-1.35179,-0.141254,-0.310851,-0.0618744,0.89752,0.210671
2.38,0.239435,-0.024032,-1.35178,-0.141248,-0.31169,-0.0618641,0.897544,0.20805
2.4,0.2422,-0.0240615,-1.35171,-0.141245,-0.31169,-0.0618438,0.897573,0.203512
2.42,0.244449,-0.0240615,-1.35171,-0.141141,-0.311572,-0.0618338,0.897573,0.196561
2.44,0.247237,-0.0240825,-1.35171,-0.140914,-0.311491,-0.0613274,0.897573,0.185538
2.45999,0.250604,-0.0240881,-1.35172,-0.140888,-0.309905,-0.0606008,0.897516,0.171258
2.48,0.253946,-0.0240825,-1.35172,-0.140746,-0.308037,-0.0596777,0.897516,0.154774
2.5,0.257983,-0.0240583,-1.35167,-0.140504,-0.305931,-0.0589802,0.89734,0.136858
2.52001,0.262736,-0.0240583,-1.35167,-0.140333,-0.303975,-0.0583045,0.89733,0.119338
2.54001,0.268113,-0.024077,-1.3517,-0.140302,-0.302496,-0.0572455,0.897271,0.103712
2.56,0.273239,-0.0240812,-1.35171,-0.139851,-0.301287,-0.0559062,0.897242,0.0903954
2.58,0.279001,-0.024077,-1.3517,-0.139412,-0.299847,-0.0537175,0.896956,0.0782659
2.60001,0.284703,-0.0240486,-1.3517,-0.139351,-0.297983,-0.0507797,0.896911,0.0657792
2.62,0.290312,-0.0240486,-1.3517,-0.139202,-0.295487,-0.0478423,0.896851,0.0524288
2.64,0.296317,-0.0240666,-1.3517,-0.138779,-0.292347,-0.0453691,0.896838,0.0371826
2.65999,0.302083,-0.0240666,-1.35172,-0.138557,-0.289081,-0.0437543,0.896739,0.0200301
2.67999,0.308841,-0.024048,-1.35172,-0.137736,-0.286622,-0.042872,0.896538,0.00339712
2.69999,0.316094,-0.024048,-1.35177,-0.137228,-0.285232,-0.042295,0.896476,-0.0107551
2.71999,0.323287,-0.0240574,-1.35177,-0.136965,-0.285119,-0.0419683,0.896468,-0.0237507
2.73999,0.330502,-0.0240675,-1.35177,-0.135561,-0.285119,-0.0418383,0.896476,-0.0345151
2.75999,0.336436,-0.0240821,-1.35176,-0.131869,-0.285197,-0.0418383,0.896468,-0.0460263
2.77999,0.341399,-0.024086,-1.35176,-0.125672,-0.285313,-0.041891,0.896499,-0.0570328
2.8,0.344135,-0.024086,-1.35175,-0.114598,-0.285313,-0.041891,0.896495,-0.0679889
2.82,0.345288,-0.0240895,-1.35175,-0.099566,-0.285339,-0.0418743,0.896525,-0.0793176
2.83999,0.345288,-0.0240895,-1.35174,-0.0809854,-0.28557,-0.0417645,0.896525,-0.0908939
2.86001,0.345288,-0.0240895,-1.35174,-0.0617546,-0.285593,-0.0417078,0.896525,-0.102983
2.87999,0.345314,-0.0240857,-1.35173,-0.0423706,-0.285827,-0.041679,0.896523,-0.116109
2.9,0.345322,-0.0241261,-1.35173,-0.0225779,-0.286172,-0.0414855,0.896522,-0.130084
2.91999,0.345322,-0.0241123,-1.35173,-0.00231899,-0.286765,-0.0409201,0.8965,-0.143553
2.93999,0.345388,-0.0241261,-1.35171,0.0164882,-0.287374,-0.0392245,0.8965,-0.155843
2.96,0.345398,-0.0241463,-1.35169,0.0365008,-0.2877,-0.036868,0.896518,-0.16805
2.98,0.345388,-0.0241463,-1.35169,0.0565449,-0.287759,-0.0339178,0.89655,-0.180364
3.00001,0.345334,-0.0241494,-1.35169,0.0762976,-0.287834,-0.0316324,0.896552,-0.192522
3.02,0.345233,-0.0241085,-1.35167,0.0940195,-0.287959,-0.0300203,0.896552,-0.205605
3.03999,0.345233,-0.0241118,-1.35157,0.110954,-0.287969,-0.0289913,0.89656,-0.220275
3.06001,0.345115,-0.0241118,-1.35131,0.129698,-0.288053,-0.0287474,0.896577,-0.235399
3.08001,0.345115,-0.0241186,-1.35069,0.14755,-0.288217,-0.0287474,0.896626,-0.251302
3.1,0.345115,-0.0241186,-1.34963,0.164766,-0.288252,-0.0287474,0.896626,-0.267535
3.12,0.344904,-0.0241186,-1.3467,0.183086,-0.288323,-0.0287186,0.896605,-0.284537
3.14001,0.344904,-0.0241341,-1.34411,0.201445,-0.288684,-0.0284904,0.896605,-0.302245
3.15998,0.344963,-0.0241386,-1.34195,0.218488,-0.289309,-0.0284717,0.896651,-0.319765
3.18004,0.344963,-0.0241386,-1.33853,0.235583,-0.290261,-0.0284717,0.896679,-0.3369
3.20001,0.34497,-0.0241279,-1.33604,0.252113,-0.291509,-0.0285347,0.896732,-0.354749
3.22,0.344935,-0.0241279,-1.33255,0.268907,-0.293084,-0.0285449,0.896732,-0.372014
3.23999,0.344939,-0.0241279,-1.32755,0.285597,-0.295299,-0.0285449,0.896732,-0.388648
3.26,0.344939,-0.0241357,-1.32121,0.301945,-0.298007,-0.028563,0.896714,-0.405009
3.28,0.345123,-0.0241133,-1.31556,0.318542,-0.301384,-0.0285654,0.89676,-0.420059
3.29999,0.345224,-0.0241357,-1.3103,0.335573,-0.306382,-0.0286471,0.896801,-0.432782
3.32,0.345333,-0.0241192,-1.30325,0.353768,-0.312825,-0.0286471,0.896801,-0.442712
3.34,0.345319,-0.0241318,-1.29597,0.371163,-0.320605,-0.0284193,0.896652,-0.449558
3.36,0.345333,-0.0241318,-1.28738,0.386775,-0.329412,-0.0272189,0.896597,-0.452967
3.37999,0.345319,-0.0241318,-1.27841,0.401805,-0.338933,-0.0258011,0.896597,-0.453339
3.4,0.345336,-0.0241209,-1.26905,0.416039,-0.34915,-0.023922,0.896683,-0.453339
3.42,0.345472,-0.024098,-1.26205,0.429386,-0.358689,-0.0219627,0.896683,-0.453339
3.44001,0.345893,-0.0241209,-1.255,0.441593,-0.368843,-0.0207332,0.896684,-0.45353
3.46,0.347172,-0.0241355,-1.24797,0.453422,-0.379716,-0.0199497,0.896711,-0.454512
3.47999,0.34817,-0.0241355,-1.24073,0.465167,-0.389742,-0.0196859,0.896711,-0.454868
3.5,0.348667,-0.0241336,-1.23291,0.477457,-0.400352,-0.0194604,0.896585,-0.454908
3.52,0.350219,-0.0241336,-1.22569,0.489138,-0.409734,-0.0192481,0.89657,-0.455031
3.53999,0.351799,-0.0241385,-1.21889,0.499107,-0.41844,-0.0192472,0.896527,-0.455036
3.56,0.35518,-0.0241385,-1.21432,0.506591,-0.427458,-0.0192012,0.896527,-0.455167
3.58,0.360225,-0.0241245,-1.21204,0.510727,-0.436033,-0.0191494,0.896557,-0.455197
3.6,0.366658,-0.0241211,-1.21204,0.511361,-0.444201,-0.0191494,0.896557,-0.455868
3.62,0.373574,-0.0241211,-1.21218,0.511383,-0.452106,-0.0191494,0.896548,-0.456556
3.64,0.380824,-0.0241229,-1.21226,0.511383,-0.459643,-0.0189753,0.896531,-0.458482
3.66001,0.388149,-0.0241229,-1.21226,0.511353,-0.467917,-0.0186081,0.896531,-0.460325
3.67999,0.39536,-0.0241229,-1.21222,0.511343,-0.474555,-0.0186081,0.896489,-0.464494
3.69999,0.402517,-0.0241319,-1.21222,0.511343,-0.481157,-0.0186297,0.896362,-0.472067
3.71999,0.408974,-0.0241335,-1.21226,0.511356,-0.484958,-0.0186297,0.89592,-0.479503
3.74,0.414649,-0.0241319,-1.21226,0.511356,-0.486005,-0.0174732,0.89592,-0.491688
3.76,0.420132,-0.0241144,-1.21226,0.511356,-0.486005,-0.0170931,0.896067,-0.508175
3.78,0.425008,-0.0241144,-1.21226,0.511379,-0.485425,-0.0170931,0.896067,-0.527015
3.8,0.429476,-0.0240876,-1.21225,0.511379,-0.484724,-0.0171686,0.896039,-0.546917
3.81999,0.434162,-0.0241106,-1.21228,0.511379,-0.483481,-0.0171686,0.896039,-0.567094
3.84,0.439013,-0.0241106,-1.21228,0.511477,-0.483429,-0.0171591,0.896039,-0.587009
3.86,0.444564,-0.0241106,-1.21231,0.512142,-0.483429,-0.0171359,0.896051,-0.606347
3.87999,0.450554,-0.0241088,-1.21232,0.513216,-0.483482,-0.0171359,0.896051,-0.624959
3.89999,0.456997,-0.0241088,-1.21232,0.513748,-0.483506,-0.0171359,0.896051,-0.641835
3.91999,0.463095,-0.0241098,-1.21232,0.514838,-0.483589,-0.0170772,0.896008,-0.657813
3.94001,0.468899,-0.0241178,-1.21229,0.517868,-0.483629,-0.0169874,0.896001,-0.674145
3.96003,0.47393,-0.0241178,-1.21227,0.522644,-0.483653,-0.0168566,0.896008,-0.690117
3.98,0.477657,-0.0241328,-1.21226,0.531064,-0.483653,-0.0167738,0.896017,-0.707257
3.99999,0.479193,-0.0241328,-1.21215,0.544514,-0.483626,-0.0167738,0.896079,-0.724177
4.02,0.479193,-0.0241528,-1.21205,0.561373,-0.483622,-0.016805,0.896103,-0.739723
4.04,0.479061,-0.0241528,-1.21161,0.578161,-0.483622,-0.016845,0.896121,-0.753073
4.06,0.479035,-0.0241381,-1.2109,0.593746,-0.483626,-0.0168457,0.896121,-0.762861
4.08,0.479015,-0.0241381,-1.20785,0.610574,-0.484285,-0.016845,0.896121,-0.770692
4.1,0.478972,-0.0241421,-1.20232,0.627751,-0.485833,-0.0168133,0.896146,-0.778118
4.12,0.478972,-0.0241421,-1.19624,0.643341,-0.487824,-0.0168133,0.89615,-0.784424
4.14,0.479292,-0.024141,-1.19098,0.656301,-0.489184,-0.0168121,0.896162,-0.790901
4.15999,0.47955,-0.024141,-1.1837,0.668338,-0.491371,-0.0168121,0.896236,-0.795929
4.18,0.479896,-0.024141,-1.17684,0.680355,-0.49417,-0.0168121,0.896236,-0.800212
4.2,0.480061,-0.024109,-1.17108,0.692536,-0.498102,-0.0168525,0.896226,-0.803464
4.22001,0.480591,-0.024109,-1.16482,0.704517,-0.502849,-0.0168525,0.896225,-0.805571
4.24,0.482198,-0.0241236,-1.16134,0.714313,-0.507454,-0.0167352,0.896209,-0.80609
4.26,0.484841,-0.0241547,-1.15871,0.722542,-0.511986,-0.0166769,0.896166,-0.80609
4.27999,0.4886,-0.0241236,-1.15664,0.728065,-0.516627,-0.0166769,0.896166,-0.805983
4.3,0.492366,-0.0241564,-1.15446,0.732016,-0.521174,-0.0166601,0.896166,-0.805925
4.32,0.495443,-0.0241241,-1.15399,0.734596,-0.525224,-0.0166839,0.89615,-0.805925
4.33999,0.498315,-0.0241241,-1.15375,0.735989,-0.528343,-0.0166513,0.89615,-0.805884
4.36,0.500955,-0.0241233,-1.15234,0.736729,-0.531635,-0.0166513,0.89615,-0.805551
4.38,0.50413,-0.0241157,-1.15217,0.736765,-0.534689,-0.0166375,0.896141,-0.805499
4.40002,0.507712,-0.0241233,-1.15216,0.736994,-0.537409,-0.0166375,0.896101,-0.805499
4.42,0.511032,-0.0241151,-1.15216,0.737902,-0.539806,-0.0166375,0.89609,-0.805504
4.43999,0.513568,-0.0241105,-1.15214,0.739328,-0.5417,-0.0166156,0.89609,-0.805564
4.45999,0.515913,-0.0241105,-1.15202,0.739757,-0.542239,-0.0166012,0.89609,-0.805613
4.48,0.517789,-0.024126,-1.15167,0.739848,-0.542604,-0.0166012,0.896045,-0.805613
4.5,0.51898,-0.0241283,-1.14994,0.740191,-0.542604,-0.0166071,0.896024,-0.80558
4.52001,0.519915,-0.0241283,-1.14854,0.740191,-0.542546,-0.0166085,0.896034,-0.805402
4.54,0.520668,-0.024165,-1.14735,0.740186,-0.542535,-0.0166306,0.896013,-0.805023
4.56001,0.521237,-0.0241336,-1.14706,0.740186,-0.542506,-0.0166306,0.896034,-0.804816
4.57999,0.521433,-0.0241468,-1.14705,0.740186,-0.542501,-0.0166306,0.896046,-0.804803
4.59999,0.521433,-0.0241336,-1.14705,0.740195,-0.542501,-0.0166147,0.896046,-0.804767
4.62,0.521412,-0.0241468,-1.14705,0.74014,-0.542536,-0.016601,0.896003,-0.804798
4.64,0.521412,-0.024128,-1.14707,0.740128,-0.542548,-0.0165866,0.896003,-0.804798
4.66001,0.521407,-0.0241223,-1.14708,0.740089,-0.542553,-0.0165866,0.896019,-0.804826
4.68,0.52143,-0.0241114,-1.14707,0.740089,-0.542566,-0.0165978,0.896019,-0.80488
4.69999,0.521407,-0.0241223,-1.14709,0.740103,-0.542566,-0.0165978,0.896015,-0.80488
4.72,0.521389,-0.0241202,-1.14705,0.740103,-0.542524,-0.0166048,0.896008,-0.804816
4.74,0.521371,-0.0241393,-1.1471,0.740093,-0.542457,-0.0165975,0.895963,-0.804753
4.75999,0.521367,-0.0241202,-1.14705,0.740076,-0.542411,-0.0166048,0.89594,-0.804751
4.78,0.52136,-0.0241182,-1.14707,0.740053,-0.542285,-0.0166176,0.89594,-0.804668
4.8,0.521343,-0.0241182,-1.14707,0.740076,-0.542098,-0.0166176,0.89594,-0.80452
4.82,0.521343,-0.0241341,-1.14707,0.740027,-0.541862,-0.0166109,0.895911,-0.804403
4.83999,0.521351,-0.0241341,-1.14707,0.740018,-0.541818,-0.0166109,0.895911,-0.804178
4.85999,0.521351,-0.0241294,-1.14704,0.740009,-0.541802,-0.0166643,0.895937,-0.804107
4.88,0.521326,-0.0241056,-1.14704,0.740009,-0.541802,-0.0166643,0.895937,-0.804049
4.89999,0.521269,-0.0241056,-1.14707,0.740009,-0.541801,-0.0165649,0.895812,-0.80396
4.92,0.521269,-0.0241094,-1.14711,0.739991,-0.541801,-0.016563,0.895698,-0.80386
4.94,0.521282,-0.0241352,-1.14707,0.739955,-0.54179,-0.0164755,0.895555,-0.803745
4.96,0.521282,-0.0241352,-1.14706,0.739955,-0.541809,-0.0163758,0.895549,-0.803588
4.98,0.52127,-0.0241022,-1.14706,0.739994,-0.54179,-0.0163622,0.895549,-0.802971
5,0.52126,-0.0241022,-1.14705,0.739994,-0.541785,-0.016324,0.895538,-0.801162
5.02,0.521247,-0.0240852,-1.14703,0.739882,-0.541785,-0.0162805,0.895521,-0.799928
5.04,0.521224,-0.0241065,-1.14703,0.739845,-0.541806,-0.0162173,0.895538,-0.798919
5.06,0.521224,-0.0240852,-1.14708,0.739833,-0.541806,-0.0161872,0.895528,-0.798484
5.07999,0.521256,-0.0241102,-1.14708,0.73983,-0.54166,-0.0161833,0.895528,-0.796905
5.1,0.521258,-0.0241102,-1.14707,0.739755,-0.54166,-0.0161668,0.895495,-0.792869
5.11999,0.521258,-0.0241329,-1.14707,0.739735,-0.541645,-0.015911,0.895495,-0.787911
5.14001,0.521258,-0.0241435,-1.14707,0.739636,-0.54163,-0.0152939,0.895528,-0.784078
5.16,0.521237,-0.0241329,-1.14707,0.73957,-0.54163,-0.0150029,0.895535,-0.780425
5.17999,0.521202,-0.0241293,-1.14706,0.739138,-0.54164,-0.0149644,0.895535,-0.77448
5.2,0.521077,-0.0241111,-1.14706,0.738117,-0.541818,-0.0148921,0.895532,-0.766944
5.22,0.521077,-0.0241111,-1.14707,0.73706,-0.541832,-0.0146769,0.895461,-0.761391
5.23999,0.521082,-0.0241581,-1.14708,0.73478,-0.541832,-0.0144256,0.895461,-0.754585
5.25999,0.521082,-0.0241581,-1.14709,0.73195,-0.541808,-0.0142074,0.895532,-0.748212
5.27999,0.520828,-0.0241207,-1.14709,0.729481,-0.541808,-0.0142074,0.895543,-0.742396
5.3,0.520724,-0.0241128,-1.14708,0.725751,-0.541771,-0.0142354,0.89556,-0.734828
5.31999,0.520674,-0.0241128,-1.14708,0.720037,-0.541771,-0.0142374,0.89556,-0.728365
5.34,0.520674,-0.0241128,-1.14708,0.712427,-0.541771,-0.0142354,0.895534,-0.721367
5.36,0.520659,-0.0241198,-1.14707,0.704944,-0.541684,-0.0141594,0.895237,-0.712546
5.37999,0.520659,-0.0241229,-1.14707,0.696138,-0.541717,-0.0139509,0.895211,-0.70366
5.39998,0.520682,-0.024125,-1.14713,0.686529,-0.541684,-0.0139509,0.895211,-0.69435
5.41999,0.520788,-0.024125,-1.14714,0.674693,-0.541666,-0.0139639,0.895211,-0.685988
5.43999,0.520803,-0.0241527,-1.14714,0.662551,-0.541612,-0.0139639,0.895181,-0.676049
5.45999,0.520792,-0.024116,-1.14711,0.649505,-0.541347,-0.0139238,0.895055,-0.665911
5.47999,0.520798,-0.0241152,-1.1471,0.635512,-0.540434,-0.013878,0.895038,-0.654674
5.49999,0.520798,-0.0241152,-1.1471,0.621555,-0.539573,-0.0138335,0.895038,-0.642289
5.52,0.520801,-0.0241459,-1.1471,0.607421,-0.538271,-0.0132552,0.894789,-0.629606
5.54,0.520812,-0.0241528,-1.1471,0.594452,-0.537504,-0.0116541,0.894339,-0.616365
5.56,0.520812,-0.0241528,-1.14709,0.581876,-0.536277,-0.00949645,0.894136,-0.601747
5.58,0.520683,-0.0240852,-1.14711,0.570137,-0.534799,-0.00701459,0.89361,-0.58653
5.59999,0.520552,-0.0240852,-1.14715,0.559375,-0.533057,-0.00413474,0.8914,-0.570057
5.61999,0.520102,-0.0241333,-1.14718,0.548354,-0.531282,-0.0012519,0.889166,-0.553253
5.63999,0.519489,-0.0241397,-1.1472,0.536446,-0.529349,0.00228123,0.889076,-0.536919
5.65999,0.518563,-0.0241397,-1.1472,0.523627,-0.526727,0.00551492,0.889023,-0.521041
5.67999,0.516588,-0.0241379,-1.1472,0.511551,-0.52295,0.00854846,0.889023,-0.506503
5.7,0.513548,-0.0241336,-1.14721,0.501281,-0.518151,0.0115075,0.889069,-0.493651
5.72,0.50898,-0.0241379,-1.14721,0.493165,-0.512202,0.0145412,0.889101,-0.481366
5.74,0.503953,-0.0241463,-1.14723,0.483842,-0.504373,0.016764,0.889101,-0.468784
5.76,0.498119,-0.0241463,-1.14723,0.473825,-0.495433,0.01929,0.889101,-0.457436
5.77999,0.491051,-0.0241033,-1.14722,0.463693,-0.486209,0.0202459,0.888992,-0.44669
5.8,0.483019,-0.0241033,-1.14721,0.453151,-0.476801,0.0211541,0.888606,-0.438472
5.81998,0.473435,-0.0241117,-1.1472,0.443255,-0.466229,0.0211541,0.888075,-0.432043
5.84,0.463087,-0.0241267,-1.1472,0.434067,-0.455162,0.0211541,0.887475,-0.429075
5.86,0.451695,-0.0241267,-1.14718,0.426031,-0.443509,0.0212247,0.886873,-0.424885
5.87997,0.440027,-0.0241267,-1.14717,0.418966,-0.431313,0.0212247,0.883334,-0.418768
5.89999,0.428169,-0.024125,-1.14717,0.413337,-0.418826,0.0212247,0.876546,-0.411543
5.91999,0.414405,-0.02415,-1.14718,0.409785,-0.406225,0.0212585,0.868174,-0.40199
5.94,0.400855,-0.0241185,-1.14718,0.406135,-0.393795,0.0212585,0.858102,-0.391886
5.96,0.386965,-0.024135,-1.14718,0.403172,-0.382075,0.021259,0.846989,-0.379433
5.98,0.373776,-0.024135,-1.14719,0.399394,-0.370789,0.0214369,0.83491,-0.364671
5.99999,0.359448,-0.0241735,-1.14719,0.395995,-0.360111,0.021501,0.822928,-0.347368
6.01999,0.344893,-0.0241735,-1.14719,0.393409,-0.350154,0.0216214,0.811548,-0.327983
6.04,0.330777,-0.0241706,-1.14717,0.389388,-0.341434,0.0221412,0.801129,-0.308365
6.05999,0.317492,-0.0241152,-1.14716,0.383716,-0.333163,0.022536,0.791075,-0.287133
6.08,0.303476,-0.0241152,-1.14716,0.378179,-0.325992,0.0239518,0.78014,-0.265589
6.1,0.290019,-0.0241475,-1.14715,0.37177,-0.319755,0.0257442,0.769162,-0.243179
6.11999,0.27774,-0.0241475,-1.14714,0.362463,-0.314058,0.0280618,0.758702,-0.220279
6.14,0.265733,-0.0241575,-1.14714,0.35148,-0.309102,0.031294,0.748941,-0.197744
6.16,0.254254,-0.0241575,-1.14712,0.339187,-0.304972,0.0347967,0.740833,-0.174202
6.18,0.243293,-0.0241656,-1.14712,0.326162,-0.301544,0.0394081,0.734592,-0.148457
6.19999,0.233569,-0.0241798,-1.14696,0.311808,-0.298611,0.0444544,0.729702,-0.121862
6.22,0.224831,-0.0241656,-1.14695,0.295367,-0.295683,0.0499677,0.727402,-0.0958843
6.24,0.217373,-0.0241248,-1.14695,0.278224,-0.292072,0.0553616,0.727244,-0.0706373
6.25999,0.211007,-0.0241248,-1.14694,0.260608,-0.288328,0.0602191,0.727155,-0.0455773
6.28,0.205169,-0.0241486,-1.14683,0.241821,-0.284676,0.0656467,0.727109,-0.0192532
6.29999,0.199747,-0.0241588,-1.14532,0.222374,-0.281169,0.071156,0.727155,0.00666604
6.31999,0.194481,-0.0241662,-1.14229,0.202822,-0.277393,0.0747823,0.727152,0.0292741
6.34,0.189965,-0.0241662,-1.13552,0.183846,-0.273783,0.077952,0.727152,0.0481885
6.35999,0.186759,-0.0241649,-1.126,0.164521,-0.270147,0.0800743,0.727078,0.0664977
6.38001,0.183939,-0.0241649,-1.11506,0.144649,-0.265946,0.0831138,0.726734,0.0877795
6.4,0.181112,-0.0241857,-1.10248,0.125027,-0.260384,0.0866695,0.726728,0.108689
6.41999,0.178771,-0.0241857,-1.08784,0.107258,-0.254371,0.0890065,0.726728,0.12689
6.44,0.177039,-0.0241744,-1.07125,0.0907207,-0.247743,0.0905464,0.726766,0.145101
6.45999,0.17659,-0.0241695,-1.05354,0.0738157,-0.23972,0.0917485,0.726856,0.161958
6.48,0.17659,-0.0241695,-1.035,0.0563238,-0.231083,0.0923239,0.727098,0.176108
6.49999,0.176557,-0.0241695,-1.01567,0.038991,-0.222161,0.0930887,0.727383,0.18515
6.51999,0.176551,-0.0241504,-0.99444,0.0222641,-0.213482,0.0932904,0.727387,0.190716
6.54,0.176484,-0.0241458,-0.970724,0.00531448,-0.204518,0.093358,0.727387,0.191278
6.56,0.175019,-0.0241438,-0.946796,-0.00974383,-0.193742,0.0933831,0.727262,0.191348
6.57998,0.173126,-0.0241438,-0.923069,-0.0238317,-0.182242,0.0949623,0.727262,0.191348
6.6,0.170773,-0.0241615,-0.900366,-0.0343918,-0.172082,0.0972103,0.727295,0.19114
6.61999,0.167581,-0.0241615,-0.878032,-0.0415025,-0.16488,0.0995928,0.727295,0.190804
6.63999,0.162973,-0.0241615,-0.856399,-0.0448908,-0.160895,0.101265,0.72728,0.190804
6.65999,0.157827,-0.0241721,-0.836781,-0.0462185,-0.157971,0.103015,0.727271,0.190819
6.68,0.152386,-0.0241721,-0.819464,-0.0486399,-0.154935,0.103788,0.727243,0.190845
6.70001,0.14553,-0.0241878,-0.803444,-0.0496745,-0.152059,0.103788,0.727243,0.190879
6.72,0.137548,-0.0241867,-0.788648,-0.0496745,-0.150895,0.1033,0.727259,0.19085
6.73999,0.130261,-0.0241878,-0.776175,-0.0496356,-0.150895,0.102929,0.727292,0.19085
6.76,0.124289,-0.0242087,-0.767129,-0.0496075,-0.151856,0.102802,0.727292,0.190802
6.77998,0.119379,-0.0242087,-0.761113,-0.0496075,-0.152388,0.102769,0.727313,0.19078
6.8,0.115228,-0.0241877,-0.76077,-0.0496286,-0.15241,0.101951,0.727313,0.190738
6.82,0.112662,-0.0241877,-0.760761,-0.0496286,-0.15241,0.10176,0.727255,0.19073
6.84,0.110456,-0.0241218,-0.760761,-0.0496171,-0.153002,0.10176,0.727249,0.190388
6.85999,0.109101,-0.0241562,-0.760761,-0.0496076,-0.154617,0.102084,0.727184,0.189548
6.87999,0.109053,-0.0241562,-0.760789,-0.0495948,-0.154962,0.102084,0.727072,0.189278
6.9,0.109053,-0.0241633,-0.760789,-0.0494187,-0.154962,0.101663,0.726834,0.189163
6.92,0.109403,-0.0241633,-0.760856,-0.0494039,-0.154909,0.101663,0.726125,0.18916
6.93999,0.109455,-0.0241622,-0.760856,-0.049402,-0.154684,0.102315,0.724822,0.18916
6.95999,0.110135,-0.0241474,-0.760885,-0.0491331,-0.15455,0.103076,0.721954,0.189165
6.98,0.11126,-0.0241457,-0.760917,-0.0490753,-0.153112,0.103176,0.714376,0.189288
6.99999,0.112215,-0.0241281,-0.761036,-0.0490753,-0.152066,0.103176,0.702891,0.189289
7.01999,0.112215,-0.0241338,-0.761114,-0.0490914,-0.150771,0.103155,0.687371,0.189353
7.03999,0.111689,-0.0241145,-0.761135,-0.0493439,-0.150137,0.103139,0.667998,0.189368
7.06,0.1101,-0.0241284,-0.761136,-0.0494022,-0.150137,0.103155,0.645159,0.189368
7.08,0.109073,-0.0240964,-0.761258,-0.0494022,-0.150192,0.10314,0.619357,0.189324
7.10001,0.108634,-0.0241284,-0.761258,-0.0494022,-0.150365,0.10314,0.591746,0.189286
7.12,0.107885,-0.0241836,-0.761033,-0.0496354,-0.150365,0.102815,0.563887,0.189286
7.14,0.104528,-0.0243063,-0.760581,-0.0497712,-0.150359,0.102743,0.535978,0.189289
7.15999,0.0974267,-0.0243148,-0.759688,-0.0497712,-0.150356,0.102683,0.508118,0.189299
7.18001,0.0896543,-0.0243063,-0.758177,-0.0497251,-0.150299,0.102683,0.481006,0.189397
7.20002,0.0830156,-0.0243174,-0.754475,-0.0496685,-0.149994,0.102683,0.455145,0.189401
7.22001,0.0781928,-0.0243395,-0.745259,-0.0496685,-0.149414,0.102722,0.43061,0.189475
7.24,0.0735054,-0.0243932,-0.730449,-0.0496779,-0.148744,0.103421,0.407468,0.189475
7.26001,0.0699389,-0.0243932,-0.709238,-0.0497001,-0.147597,0.103965,0.386783,0.189421
7.28001,0.0672042,-0.0243932,-0.683249,-0.0497474,-0.146522,0.104129,0.369905,0.189403
7.3,0.0653243,-0.0244053,-0.654418,-0.0497437,-0.143944,0.104203,0.355495,0.189393
7.32001,0.063859,-0.0244094,-0.624157,-0.0497437,-0.139915,0.104341,0.342062,0.189305
7.34,0.0623198,-0.0244094,-0.593945,-0.0497271,-0.135609,0.104796,0.329696,0.189305
7.36,0.0607453,-0.024382,-0.565382,-0.0496809,-0.130937,0.105133,0.317807,0.189367
7.38,0.0583684,-0.024382,-0.5401,-0.0497071,-0.124934,0.105341,0.304611,0.189367
7.4,0.0563345,-0.0243836,-0.51866,-0.0497071,-0.118217,0.105715,0.290697,0.188737
7.42,0.0537045,-0.0244154,-0.501451,-0.0497071,-0.113338,0.106567,0.277238,0.188718
7.44,0.0505832,-0.0243836,-0.487666,-0.0497182,-0.108459,0.107213,0.264948,0.188737
7.46,0.047682,-0.0243864,-0.476276,-0.0496962,-0.104056,0.107694,0.253844,0.188744
7.48,0.0444374,-0.0243864,-0.466306,-0.0496076,-0.10034,0.107694,0.242838,0.188754
7.5,0.0415401,-0.0252913,-0.45777,-0.0495278,-0.0965245,0.107542,0.230741,0.18876
7.52,0.0391588,-0.0254479,-0.448758,-0.0495278,-0.0934719,0.107316,0.218216,0.18876
7.54,0.0370658,-0.0254887,-0.440499,-0.0495217,-0.0908462,0.107316,0.206313,0.188793
7.56,0.0353872,-0.0254887,-0.431984,-0.0495242,-0.0875954,0.107364,0.195835,0.188793
7.58,0.0335898,-0.0254672,-0.425936,-0.0495217,-0.083461,0.107394,0.186231,0.188728
7.6,0.0316964,-0.0254672,-0.423169,-0.0495051,-0.0804824,0.107394,0.178339,0.188728
7.62001,0.0296625,-0.0254844,-0.419652,-0.0494614,-0.077359,0.107387,0.171537,0.188796
7.64,0.0275651,-0.0254844,-0.41607,-0.0494614,-0.0750731,0.10735,0.166377,0.188796
7.66,0.0250359,-0.0254844,-0.414306,-0.0494833,-0.0718948,0.10735,0.161752,0.188791
7.67999,0.0218803,-0.0255098,-0.413654,-0.0495204,-0.0689018,0.107417,0.159232,0.18878
7.70001,0.0185192,-0.0255333,-0.413638,-0.0494833,-0.0664624,0.107417,0.158644,0.188769
7.72,0.0147698,-0.0258999,-0.413637,-0.0495204,-0.0640983,0.107371,0.158605,0.188769
7.74001,0.0108767,-0.0261698,-0.413637,-0.0494698,-0.062254,0.107371,0.158547,0.188792
7.76,0.00683584,-0.0265126,-0.413645,-0.0494698,-0.0610199,0.107426,0.158079,0.188792
7.78,0.00274229,-0.0271354,-0.413645,-0.0493999,-0.0593727,0.107496,0.155788,0.188768
7.79999,-0.000851404,-0.0283126,-0.413655,-0.0493999,-0.0589735,0.107607,0.15398,0.188768
7.82001,-0.00386495,-0.0303805,-0.413644,-0.0494455,-0.0586672,0.107607,0.152278,0.188762
7.83999,-0.0073367,-0.0321841,-0.413553,-0.0494455,-0.0581037,0.10756,0.148124,0.188772
7.86,-0.0101268,-0.0351949,-0.413453,-0.0493478,-0.0569786,0.107535,0.143748,0.188772
7.88001,-0.0129699,-0.0387909,-0.412917,-0.0493478,-0.0563939,0.107436,0.139212,0.188772
7.90001,-0.0153687,-0.0437405,-0.411782,-0.0493422,-0.0550396,0.10733,0.134561,0.188771
7.92001,-0.0176573,-0.0492566,-0.409977,-0.0493922,-0.0532386,0.107224,0.129771,0.188771
7.93999,-0.0195678,-0.0555384,-0.40728,-0.0493922,-0.0503632,0.107224,0.12602,0.188781
7.96001,-0.0202844,-0.0611977,-0.402104,-0.0493958,-0.0470316,0.107264,0.121724,0.188782
7.98001,-0.0214605,-0.0662897,-0.396562,-0.0493958,-0.0469798,0.107292,0.116459,0.188785
8,-0.0225319,-0.0706369,-0.394044,-0.0493961,-0.0470316,0.107347,0.111165,0.188804
8.01999,-0.0240714,-0.0712233,-0.39366,-0.0494022,-0.0470893,0.1073,0.106073,0.188785
8.03999,-0.0249043,-0.0712261,-0.39366,-0.0494035,-0.0470909,0.1073,0.101064,0.18878
8.05999,-0.0257584,-0.0712233,-0.393686,-0.0495378,-0.0471402,0.107147,0.0984236,0.18878
8.08,-0.0271088,-0.0712228,-0.393707,-0.049564,-0.0471402,0.10665,0.0980974,0.188854
8.10001,-0.0282395,-0.0712228,-0.393707,-0.0495671,-0.0471076,0.106022,0.0980647,0.188857
8.12,-0.0300203,-0.0712228,-0.393705,-0.0495671,-0.0471076,0.10465,0.0980647,0.188891
8.14002,-0.0325517,-0.0712044,-0.393705,-0.0495671,-0.0471337,0.103568,0.0980647,0.188891
8.16001,-0.0339671,-0.0711927,-0.393705,-0.049711,-0.0471337,0.101681,0.0980659,0.188815
8.17999,-0.0341234,-0.0712044,-0.393719,-0.049711,-0.0471635,0.100242,0.0980516,0.188815
8.2,-0.0341234,-0.0711929,-0.393688,-0.0496904,-0.0471076,0.0994929,0.0979985,0.188815
8.21999,-0.0341372,-0.0711929,-0.393672,-0.0496904,-0.0471276,0.0991842,0.0979985,0.188849
8.24,-0.0341372,-0.0711929,-0.393672,-0.0496936,-0.0471158,0.0981886,0.0980888,0.188849
8.26,-0.0341214,-0.071219,-0.393725,-0.0496981,-0.0471158,0.0951206,0.0981053,0.188813
8.27999,-0.034081,-0.0712243,-0.393725,-0.0497409,-0.0471158,0.0915943,0.0981053,0.1888
8.3,-0.0340682,-0.071219,-0.39368,-0.0496981,-0.0471448,0.0875567,0.0981053,0.1888
8.32,-0.0340761,-0.0711812,-0.393677,-0.0497267,-0.047147,0.0862943,0.0979505,0.189166
8.34,-0.0340682,-0.0711812,-0.393677,-0.0497267,-0.047147,0.0862943,0.0978543,0.189166
8.36,-0.0340761,-0.0711812,-0.393667,-0.0497952,-0.0471147,0.0866957,0.0969096,0.189158
8.38,-0.0340825,-0.0711848,-0.393628,-0.0497952,-0.0471147,0.0871233,0.0963077,0.189133
8.4,-0.0341152,-0.0711848,-0.393627,-0.049739,-0.0471253,0.0872464,0.0948437,0.189133
8.42,-0.0340954,-0.0711885,-0.393622,-0.0496957,-0.0471307,0.0872495,0.0917402,0.189135
8.44,-0.0340954,-0.0711885,-0.393618,-0.0496957,-0.0471784,0.0873783,0.0860587,0.189135
8.4601,-0.0340919,-0.0711885,-0.393618,-0.0497545,-0.0471784,0.0873979,0.079335,0.189131
8.48001,-0.0340919,-0.0711947,-0.393618,-0.0497545,-0.0471836,0.0874511,0.0714426,0.189074
8.5,-0.0340923,-0.0712219,-0.393625,-0.0497749,-0.0472207,0.0874721,0.0624044,0.189074
8.52,-0.0341182,-0.0711947,-0.393637,-0.0497289,-0.0472927,0.0878263,0.0528083,0.189041
8.54002,-0.0341289,-0.0711849,-0.393654,-0.0497091,-0.0474862,0.0879651,0.0437171,0.189054
8.56,-0.0341355,-0.0711849,-0.39365,-0.0497091,-0.0477335,0.0879651,0.0369605,0.189054
8.58,-0.0341355,-0.0711747,-0.39365,-0.0497587,-0.0477335,0.0879526,0.0342782,0.189054
8.59999,-0.0340793,-0.0711758,-0.393647,-0.0497587,-0.0477219,0.0879359,0.0342408,0.189066
8.61999,-0.0340793,-0.0711758,-0.393628,-0.0497235,-0.0477219,0.0879189,0.0342451,0.189065
8.64,-0.034098,-0.0711758,-0.393647,-0.0497235,-0.0477628,0.0878719,0.0342408,0.189066
8.66,-0.034098,-0.071144,-0.393656,-0.0497344,-0.047776,0.0878719,0.0342451,0.189075
8.68,-0.0340859,-0.071144,-0.393661,-0.0497409,-0.0479315,0.0878719,0.0342991,0.189158
8.7,-0.0340786,-0.0711936,-0.393661,-0.0497574,-0.0479727,0.0878953,0.0343263,0.189163
8.72,-0.0340825,-0.0712061,-0.393663,-0.0497825,-0.0480292,0.0878483,0.0343497,0.189166
8.73999,-0.0340806,-0.0712079,-0.393651,-0.0497946,-0.0480292,0.0878476,0.0343932,0.189166
8.76,-0.0340806,-0.0712097,-0.393658,-0.0497946,-0.048043,0.0878425,0.0343932,0.189186
8.78,-0.0340768,-0.0712097,-0.393643,-0.0497946,-0.0480541,0.0878232,0.0344579,0.18916
8.79999,-0.0340761,-0.0711773,-0.393657,-0.0498785,-0.0480541,0.0878102,0.0345271,0.189186
8.82,-0.0340723,-0.0711739,-0.393654,-0.0498938,-0.0480243,0.0878102,0.0345769,0.189159
8.83999,-0.0340572,-0.0711543,-0.393654,-0.0500243,-0.0480243,0.0878102,0.0345397,0.189174
8.86,-0.034045,-0.0711543,-0.393654,-0.0502702,-0.0480243,0.087817,0.0345769,0.189174
8.87999,-0.0338624,-0.0711665,-0.393683,-0.0515195,-0.0480607,0.0878277,0.0345665,0.189184
8.9,-0.0337442,-0.0711699,-0.393683,-0.0518969,-0.0480914,0.0878277,0.0345961,0.189184
8.92,-0.0337442,-0.0711665,-0.393697,-0.0519048,-0.0480914,0.0878277,0.0345818,0.189192
8.94,-0.0337442,-0.0711152,-0.393752,-0.051982,-0.0481176,0.0878112,0.0346178,0.189147
8.96,-0.0337205,-0.0708308,-0.393809,-0.0521759,-0.0481494,0.087817,0.0346215,0.189205
8.97999,-0.0337147,-0.069832,-0.393887,-0.0521801,-0.0481595,0.0878112,0.0346719,0.18921
9,-0.0336616,-0.0677213,-0.393953,-0.0521801,-0.0481595,0.0878043,0.0346719,0.18921
9.01999,-0.0334251,-0.0642961,-0.393965,-0.0521786,-0.0481138,0.087794,0.0346217,0.18918
9.03999,-0.0333563,-0.0608316,-0.393965,-0.0521776,-0.0480997,0.0877934,0.0346217,0.18917
9.06,-0.0331662,-0.057909,-0.393983,-0.0521658,-0.0480997,0.0877934,0.0346559,0.18918
9.07999,-0.0330375,-0.0546321,-0.393983,-0.0521658,-0.0481481,0.0877328,0.0346559,0.18916
9.1,-0.0329768,-0.0536949,-0.393983,-0.0521677,-0.0481481,0.0877328,0.0346532,0.189188
9.11999,-0.0329073,-0.0536949,-0.393883,-0.0521677,-0.0481481,0.0877207,0.0346205,0.189192
9.13999,-0.0329021,-0.0537427,-0.39377,-0.0521014,-0.0481489,0.0877207,0.0346205,0.189197
9.16001,-0.0329021,-0.0538278,-0.393707,-0.0521014,-0.0481489,0.0877207,0.0346205,0.189197
9.18,-0.032942,-0.0538988,-0.393659,-0.0520606,-0.0481489,0.0876997,0.0346235,0.189158
9.2,-0.032942,-0.0538988,-0.393659,-0.0520606,-0.0481141,0.0876889,0.0346235,0.189158
9.21999,-0.0329553,-0.0539,-0.393661,-0.0520282,-0.048122,0.0876889,0.034614,0.189169
9.24,-0.032933,-0.0538695,-0.393661,-0.0520188,-0.048122,0.0877251,0.0345999,0.189179
9.26001,-0.0329523,-0.0538695,-0.393563,-0.0520073,-0.0481494,0.0877375,0.034595,0.189169
9.28002,-0.0329343,-0.0538695,-0.393552,-0.051996,-0.0481651,0.0877251,0.034595,0.189179
9.29999,-0.0329523,-0.0538525,-0.393552,-0.0519972,-0.0481651,0.0877199,0.0346063,0.189165
9.32002,-0.0329589,-0.0538993,-0.393552,-0.0519741,-0.0481583,0.0877199,0.0346185,0.189191
9.33999,-0.0329589,-0.0538993,-0.39337,-0.0519741,-0.0481552,0.0877163,0.0346063,0.189167
9.35999,-0.03285,-0.0541443,-0.392442,-0.0519426,-0.0481552,0.0877572,0.0346251,0.189196
9.37999,-0.0325202,-0.0541443,-0.388903,-0.051884,-0.048139,0.0877163,0.0346167,0.189224
9.4,-0.0322855,-0.0541345,-0.384553,-0.0518629,-0.0480944,0.0877191,0.0346167,0.189224
9.42001,-0.032022,-0.0541191,-0.379571,-0.0518431,-0.0480887,0.0877191,0.0346128,0.189165
9.44,-0.0318881,-0.0541191,-0.37592,-0.0518394,-0.0480887,0.0877191,0.0346128,0.189154
9.46001,-0.0317985,-0.0541344,-0.373259,-0.0518045,-0.048116,0.0877232,0.0346,0.189154
9.48,-0.0317655,-0.0541453,-0.373,-0.0517632,-0.048116,0.0877232,0.0346083,0.189173
9.5,-0.0317386,-0.0541483,-0.373,-0.0517632,-0.0481012,0.0877273,0.0346083,0.189189
9.52,-0.0317457,-0.0541483,-0.372992,-0.0517984,-0.0480896,0.0877327,0.0346247,0.189196
9.53999,-0.0317386,-0.0541472,-0.373004,-0.0517984,-0.0480967,0.0877291,0.0346247,0.189199
9.56,-0.0317451,-0.0541472,-0.373063,-0.0517514,-0.0480967,0.0877327,0.0346196,0.189199
9.58,-0.0317451,-0.0541884,-0.373063,-0.0517462,-0.0480967,0.0877291,0.0345912,0.189193
9.60001,-0.0317516,-0.054192,-0.37302,-0.0517445,-0.0480639,0.0877237,0.0345991,0.189182
9.62,-0.0317633,-0.0545666,-0.373013,-0.0516705,-0.0480378,0.0877107,0.0345979,0.189193
9.63999,-0.0317633,-0.0553629,-0.372892,-0.0516304,-0.0480378,0.0877107,0.0345979,0.189166
9.66,-0.031708,-0.0556825,-0.371686,-0.0516279,-0.0480496,0.0877107,0.0345979,0.189166
9.68,-0.0312882,-0.0556852,-0.368149,-0.051627,-0.0480496,0.0877151,0.0346007,0.189158
9.7,-0.0304494,-0.0557067,-0.362083,-0.051584,-0.0480496,0.0877151,0.0346007,0.189149
9.71999,-0.0299647,-0.055724,-0.355327,-0.051584,-0.0480563,0.0877185,0.0346155,0.189149
9.74,-0.0296259,-0.055724,-0.348216,-0.051528,-0.0481042,0.087727,0.0345961,0.189161
9.76,-0.0289965,-0.055712,-0.340387,-0.0513998,-0.0481042,0.0877294,0.0346155,0.18917
9.78,-0.0281984,-0.0556881,-0.333445,-0.0513998,-0.0480945,0.0877486,0.0346223,0.18917
9.80001,-0.0275769,-0.0556785,-0.326707,-0.0514302,-0.0480681,0.0877486,0.0346223,0.189173
9.81999,-0.0275665,-0.0556805,-0.324933,-0.0514931,-0.0480945,0.0877458,0.0345921,0.189173
9.84,-0.0275528,-0.0556657,-0.324933,-0.0515008,-0.0480969,0.0877118,0.0345921,0.189173
9.86,-0.027545,-0.0556468,-0.325077,-0.051602,-0.0480969,0.0877032,0.0346039,0.189188
9.88,-0.027545,-0.0555998,-0.325151,-0.0516047,-0.048087,0.0877032,0.034616,0.189188
9.89999,-0.027523,-0.0556025,-0.32517,-0.0516047,-0.048087,0.0876319,0.0346285,0.189212
9.92,-0.027523,-0.0556025,-0.32517,-0.0516078,-0.0480796,0.0876096,0.0346285,0.189169
9.94,-0.027554,-0.055631,-0.325164,-0.0516117,-0.0480766,0.0874815,0.0346344,0.189203
9.96,-0.0275698,-0.055631,-0.325164,-0.0516135,-0.0480766,0.0874553,0.0346344,0.189186
9.98,-0.0275728,-0.0556145,-0.325247,-0.0516245,-0.0480685,0.0871763,0.034648,0.189186
10,-0.0275753,-0.0556076,-0.325247,-0.0516245,-0.0480685,0.0869998,0.0346497,0.189186
10.02,-0.0275765,-0.0556076,-0.32524,-0.0516451,-0.0480146,0.0869998,0.0346701,0.189177
10.04,-0.0275765,-0.0556257,-0.325231,-0.0515873,-0.0480146,0.0869993,0.0346738,0.189189
10.06,-0.0275932,-0.0556257,-0.325214,-0.0515873,-0.0479981,0.0870106,0.0346738,0.18919
10.08,-0.0275493,-0.0556257,-0.3252,-0.0515681,-0.0479866,0.086968,0.0346819,0.18919
10.1,-0.0275492,-0.0556288,-0.325196,-0.0515609,-0.0479866,0.086968,0.0346819,0.189167
10.12,-0.0275492,-0.0556288,-0.3252,-0.0515609,-0.0479866,0.0869575,0.0346728,0.189167
10.14,-0.0275789,-0.0556283,-0.325225,-0.0515686,-0.0480112,0.0869575,0.0346494,0.189179
10.16,-0.0275891,-0.0556283,-0.325225,-0.0516503,-0.048003,0.0869575,0.0346728,0.189215
10.18,-0.0275789,-0.055647,-0.325225,-0.0516198,-0.048003,0.0869753,0.0346215,0.189215
10.2,-0.0275872,-0.055647,-0.325265,-0.0516198,-0.048003,0.0869659,0.0346667,0.189213
10.22,-0.0275683,-0.0556515,-0.325265,-0.0516198,-0.0480009,0.0869659,0.0346353,0.189213
10.24,-0.0275872,-0.0556082,-0.32523,-0.0516506,-0.0480127,0.0869659,0.0346525,0.189207
10.26,-0.0275778,-0.0556515,-0.32523,-0.0516506,-0.0480077,0.0869528,0.0346378,0.189198
10.28,-0.0275895,-0.0555999,-0.32523,-0.0515957,-0.0480127,0.086966,0.0346525,0.189193
10.3,-0.0276178,-0.0556365,-0.325244,-0.0515957,-0.0480077,0.086966,0.0346636,0.189193
10.32,-0.0276178,-0.0556145,-0.325254,-0.0515805,-0.047957,0.0869691,0.0346636,0.189193
10.34,-0.0275811,-0.0556145,-0.325255,-0.0515875,-0.047957,0.0869699,0.0346617,0.189177
10.36,-0.0275745,-0.0556145,-0.325254,-0.0515875,-0.047957,0.0869729,0.0346617,0.189177
10.38,-0.0275745,-0.0556391,-0.325243,-0.0516217,-0.0479709,0.0869729,0.0346617,0.189177
10.4,-0.0275665,-0.0556391,-0.325236,-0.0516575,-0.047954,0.0869729,0.0346492,0.189193
10.42,-0.0275877,-0.0556192,-0.32522,-0.0516575,-0.047954,0.0870039,0.0346492,0.189202
10.44,-0.027554,-0.0556192,-0.325236,-0.0516083,-0.047954,0.0870039,0.0346766,0.189202
10.46,-0.0276051,-0.0556193,-0.325258,-0.0515918,-0.0479592,0.0869904,0.0346766,0.189202
10.48,-0.0275997,-0.05563,-0.325258,-0.0516083,-0.0479739,0.0869904,0.0346571,0.189195
10.5,-0.0275997,-0.05563,-0.325258,-0.0515993,-0.0479923,0.0869904,0.0346494,0.189195
10.52,-0.0275854,-0.05563,-0.325248,-0.0515993,-0.0479923,0.0869666,0.0346571,0.189195
10.54,-0.0275854,-0.0556109,-0.325248,-0.0515931,-0.0480188,0.0869666,0.0346817,0.189159
10.56,-0.027585,-0.0556109,-0.325284,-0.0515814,-0.0480188,0.086979,0.0346817,0.189159
10.58,-0.0276106,-0.0556172,-0.325284,-0.0515931,-0.0479632,0.0869838,0.0346817,0.189167
10.6,-0.0276106,-0.0556172,-0.325248,-0.0516011,-0.0479632,0.0869838,0.0346648,0.189167
10.62,-0.0276106,-0.0556172,-0.325248,-0.0516081,-0.0479799,0.0869745,0.0346648,0.189153
10.64,-0.0275923,-0.0556302,-0.325248,-0.0516462,-0.0479868,0.0869745,0.0346648,0.189153
10.66,-0.0275553,-0.0556529,-0.325273,-0.0516215,-0.047995,0.0869745,0.0346628,0.189153
10.68,-0.0275856,-0.0556783,-0.325234,-0.0516215,-0.0479915,0.0869805,0.0346732,0.189163
10.7,-0.0275856,-0.0556783,-0.325247,-0.0516015,-0.0479915,0.0869709,0.0346732,0.189163
10.72,-0.0275872,-0.0556606,-0.325234,-0.05159,-0.0479442,0.0869805,0.0346732,0.189163
10.74,-0.0276141,-0.055649,-0.325209,-0.05159,-0.0479442,0.0869927,0.0346712,0.189206
10.76,-0.0275979,-0.0556473,-0.325209,-0.0515479,-0.0479366,0.0869927,0.0346575,0.189153
10.78,-0.0275979,-0.0556473,-0.325218,-0.0515695,-0.0479366,0.0869688,0.0346527,0.189179
10.8,-0.0275951,-0.0556473,-0.325231,-0.0515695,-0.0479366,0.0869637,0.0346527,0.189179
10.82,-0.0275951,-0.0556484,-0.325246,-0.0516133,-0.0479613,0.0869476,0.0346539,0.189205
10.84,-0.0276122,-0.0556285,-0.325246,-0.0516133,-0.0479613,0.0869545,0.0346715,0.189208
10.86,-0.0276358,-0.0556285,-0.32523,-0.051583,-0.0479613,0.0869545,0.0346539,0.189208
10.88,-0.0276122,-0.0556285,-0.32523,-0.051583,-0.0479839,0.0869653,0.0346635,0.189194
10.9,-0.0275976,-0.0556362,-0.325235,-0.051562,-0.0479839,0.0869747,0.0346488,0.189185
10.92,-0.0275878,-0.0556362,-0.325243,-0.0516058,-0.0479593,0.0869653,0.0346635,0.189167
10.94,-0.0275878,-0.0556275,-0.325249,-0.051549,-0.0479593,0.0869747,0.0347111,0.189167
10.96,-0.0275937,-0.0556212,-0.325249,-0.0515659,-0.0479789,0.0869573,0.0347111,0.189188
10.98,-0.0276026,-0.0556275,-0.325241,-0.051561,-0.0479858,0.0869851,0.0346944,0.189188
11,-0.0276026,-0.0556414,-0.325241,-0.0515659,-0.0479789,0.0869585,0.0346944,0.189175
11.02,-0.027586,-0.0556449,-0.325232,-0.051561,-0.0479643,0.0869851,0.0346814,0.189175
11.04,-0.0275775,-0.0556414,-0.325208,-0.0515788,-0.0479643,0.0869585,0.0346688,0.18918
11.06,-0.027586,-0.0556449,-0.325208,-0.0515788,-0.0479905,0.0870043,0.0346688,0.18918
11.08,-0.0276198,-0.0556343,-0.325186,-0.0516265,-0.0479905,0.0869522,0.0346718,0.189149
11.1,-0.0276198,-0.0556529,-0.325186,-0.0516265,-0.0480124,0.0869663,0.0346767,0.189149
11.12,-0.0276275,-0.0556232,-0.325186,-0.0516265,-0.0479679,0.0869663,0.0346782,0.189149
11.14,-0.0275979,-0.0556232,-0.325248,-0.0516455,-0.0479961,0.0869669,0.0346782,0.189177
11.16,-0.0276023,-0.0556232,-0.325268,-0.0516455,-0.0479801,0.0869669,0.0346661,0.189161
11.18,-0.0276023,-0.0556273,-0.325268,-0.0516136,-0.0479801,0.0869608,0.0346539,0.189184
11.2,-0.0276023,-0.0556316,-0.325271,-0.0515757,-0.0479801,0.0869574,0.0346661,0.189214
11.22,-0.0276007,-0.0556496,-0.325237,-0.0515757,-0.0479776,0.0869574,0.0346724,0.189214
11.24,-0.0275942,-0.055643,-0.325198,-0.0515714,-0.0480067,0.0869469,0.0346724,0.189211
11.26,-0.0275942,-0.055643,-0.325198,-0.0515837,-0.0479776,0.0869469,0.0346724,0.189206
11.28,-0.0275992,-0.0556258,-0.32523,-0.0515603,-0.0480161,0.0869732,0.034675,0.189206
11.3,-0.0276057,-0.0556037,-0.325241,-0.0515853,-0.0479647,0.0869732,0.0346767,0.189185
11.32,-0.0275992,-0.0555941,-0.325246,-0.0515767,-0.0480161,0.0869658,0.034675,0.189177
11.34,-0.0276143,-0.0555629,-0.325241,-0.0515853,-0.0479618,0.0869658,0.0346923,0.189177
11.36,-0.0276105,-0.0555629,-0.325246,-0.0515767,-0.0479953,0.0869492,0.0346923,0.189183
11.38,-0.0276134,-0.055617,-0.32524,-0.0515764,-0.04795,0.0869585,0.0346923,0.189183
11.4,-0.0276105,-0.0556276,-0.325258,-0.0515764,-0.0479953,0.086952,0.0346828,0.189176
11.42,-0.0275816,-0.0556551,-0.325226,-0.0515839,-0.0480064,0.086952,0.0346615,0.189176
11.44,-0.0275816,-0.0556551,-0.325222,-0.0516257,-0.0480266,0.086952,0.0346545,0.189195
11.46,-0.027589,-0.0556007,-0.325222,-0.0515921,-0.0480266,0.086968,0.034652,0.189195
11.48,-0.0276297,-0.0555763,-0.325254,-0.0515959,-0.0480141,0.0869686,0.034652,0.189169
11.5,-0.027598,-0.0555763,-0.325264,-0.0515921,-0.0479661,0.0869686,0.0346697,0.189169
11.52,-0.0276127,-0.0556458,-0.325264,-0.0515959,-0.0479715,0.0869686,0.0346697,0.189184
11.54,-0.027598,-0.0556458,-0.325264,-0.051597,-0.0479713,0.0869685,0.0346742,0.189184
11.56,-0.0276027,-0.0556589,-0.325264,-0.051597,-0.0479713,0.086964,0.0346706,0.18918
11.58,-0.0275972,-0.05563,-0.325267,-0.0515699,-0.0479713,0.0869658,0.0346706,0.18918
11.6,-0.0275972,-0.0555973,-0.325267,-0.0515699,-0.0479961,0.0869658,0.0346644,0.1892
11.62,-0.0275972,-0.0555973,-0.325251,-0.0515951,-0.0480172,0.0869672,0.0346644,0.1892
11.64,-0.0275964,-0.0556144,-0.325241,-0.0516079,-0.0480172,0.0869708,0.0346644,0.1892
11.66,-0.0276051,-0.0556623,-0.325228,-0.0515951,-0.0479481,0.0869708,0.0346512,0.189193
11.68,-0.0276051,-0.0556623,-0.325228,-0.0515835,-0.0479481,0.0869673,0.0346438,0.189208
11.7,-0.0276051,-0.0556287,-0.325252,-0.0515835,-0.0479606,0.0869486,0.0346438,0.189193
11.72,-0.0275937,-0.0556287,-0.325252,-0.0516371,-0.0479606,0.0869483,0.0346663,0.189178
11.74,-0.0275937,-0.0556332,-0.325252,-0.0516371,-0.0480175,0.0869486,0.0346663,0.189178
11.76,-0.0275937,-0.0556332,-0.325259,-0.0516107,-0.0480011,0.0869566,0.0346663,0.189195
11.78,-0.027577,-0.0556338,-0.325259,-0.0516107,-0.0480011,0.0869843,0.0346623,0.189195
11.8,-0.027577,-0.0556461,-0.325244,-0.0516622,-0.0479877,0.0870011,0.0346788,0.189163
11.82,-0.0275867,-0.0556461,-0.325244,-0.0516622,-0.0479873,0.0870011,0.0346582,0.189156
11.84,-0.0275884,-0.0556461,-0.325239,-0.0516335,-0.0479873,0.0869945,0.0346401,0.189163
11.86,-0.0275867,-0.0555969,-0.325228,-0.0516229,-0.0480358,0.0869945,0.0346401,0.189168
11.88,-0.0275854,-0.0555969,-0.32521,-0.0515911,-0.0480358,0.0869787,0.0346401,0.189171
11.9,-0.0275854,-0.0555839,-0.325215,-0.0516229,-0.0479997,0.0869781,0.0346653,0.189199
11.92,-0.0275854,-0.0555839,-0.325215,-0.0516186,-0.0479628,0.0869645,0.0346395,0.189199
11.94,-0.027583,-0.0555839,-0.325227,-0.0516318,-0.0479997,0.0869552,0.0346882,0.189156
11.96,-0.027583,-0.0555965,-0.32525,-0.0516186,-0.0480023,0.0869426,0.0346447,0.189156
11.98,-0.0275956,-0.0555965,-0.325256,-0.0515908,-0.0480023,0.0869351,0.0346569,0.189167
12,-0.0275956,-0.0556463,-0.32525,-0.0515908,-0.0479689,0.0869426,0.0346569,0.189176
12.02,-0.0275725,-0.0556463,-0.325258,-0.0516274,-0.0479689,0.0869605,0.0346639,0.189167
12.04,-0.0275725,-0.0556074,-0.325281,-0.0516526,-0.0479862,0.0869867,0.0346664,0.189182
12.06,-0.0276052,-0.0556074,-0.325281,-0.0516274,-0.0480028,0.0869605,0.0346705,0.189182
12.08,-0.0276052,-0.0556268,-0.3252,-0.051587,-0.0480028,0.0869867,0.0346705,0.189182
12.1,-0.0275921,-0.0556291,-0.3252,-0.051587,-0.0480028,0.0869794,0.0346705,0.189178
12.12,-0.0275921,-0.0556291,-0.325236,-0.051587,-0.0479765,0.0869858,0.0346578,0.189178
12.14,-0.0275806,-0.0556231,-0.325253,-0.0515434,-0.0480152,0.0869858,0.0346625,0.189181
12.16,-0.0275803,-0.0556231,-0.325253,-0.0515434,-0.0479765,0.0869858,0.0346625,0.189182
12.18,-0.0275664,-0.0556716,-0.325253,-0.051576,-0.0479671,0.0869751,0.03467,0.189182
12.2,-0.0275803,-0.0556716,-0.325244,-0.0516271,-0.0479671,0.0869751,0.03467,0.189184
12.22,-0.0275664,-0.0556105,-0.325244,-0.051635,-0.0480027,0.0869872,0.0346753,0.189146
12.24,-0.0275947,-0.0556105,-0.325238,-0.051635,-0.0480064,0.0869872,0.0346727,0.1892
12.26,-0.0275756,-0.0556252,-0.325238,-0.0516244,-0.0480064,0.0869726,0.0346727,0.189174
12.28,-0.0275756,-0.0556252,-0.325226,-0.0516244,-0.0480109,0.0869693,0.0346727,0.189198
12.3,-0.027556,-0.0556241,-0.32526,-0.0516067,-0.0480262,0.0869726,0.0346534,0.189174
12.32,-0.027556,-0.0556145,-0.325226,-0.0516076,-0.0480109,0.0869693,0.0346996,0.18918
12.34,-0.0276036,-0.0555849,-0.325227,-0.0516076,-0.0480004,0.0869656,0.0346534,0.189167
12.36,-0.0276036,-0.0555849,-0.325227,-0.0516076,-0.0480004,0.0869656,0.0346978,0.189163
12.38,-0.0275945,-0.0555936,-0.325227,-0.0516167,-0.0479713,0.0869687,0.0346951,0.189163
12.4,-0.0275859,-0.055619,-0.325245,-0.0516167,-0.0479713,0.0869687,0.0346951,0.18917
12.42,-0.0275895,-0.0556313,-0.325245,-0.0516167,-0.0479713,0.0869687,0.034693,0.18917
12.44,-0.0275895,-0.0556249,-0.325246,-0.051601,-0.0479973,0.0869414,0.0346455,0.189174
12.46,-0.0275935,-0.0556249,-0.325246,-0.0515819,-0.0479973,0.0869414,0.0346458,0.189174
12.48,-0.0275935,-0.0556113,-0.325224,-0.051601,-0.0479782,0.0869458,0.0346458,0.189181
12.5,-0.0275957,-0.0556038,-0.325224,-0.0516177,-0.0479482,0.0869479,0.0346643,0.189181
12.52,-0.0275705,-0.0556113,-0.325254,-0.0516268,-0.0479482,0.0869711,0.0346643,0.18922
12.54,-0.0275957,-0.0556077,-0.325254,-0.0516268,-0.0479482,0.0869479,0.0346526,0.189187
12.56,-0.0275515,-0.0556211,-0.325286,-0.0516268,-0.0479898,0.0869465,0.0346526,0.189187
12.58,-0.0275882,-0.0556211,-0.325275,-0.0516089,-0.0479951,0.0869465,0.0346761,0.189154
12.6,-0.0275766,-0.055622,-0.325275,-0.0516019,-0.0479965,0.0869661,0.0346761,0.189154
12.62,-0.0275877,-0.055622,-0.32525,-0.0515783,-0.0479951,0.0869661,0.0346761,0.189165
12.64,-0.0275848,-0.0556217,-0.32525,-0.0516019,-0.047975,0.0869868,0.0346713,0.189165
12.66,-0.0275877,-0.0556217,-0.32525,-0.0516166,-0.047975,0.0869644,0.0346713,0.189131
12.68,-0.0275884,-0.055639,-0.325238,-0.0516166,-0.0479985,0.0869861,0.034667,0.189131
12.7,-0.0275966,-0.055639,-0.325238,-0.0515943,-0.0480041,0.0869721,0.034667,0.189133
12.72,-0.0275884,-0.0556013,-0.325244,-0.0515943,-0.0480334,0.0869721,0.0346702,0.189182
12.74,-0.0275911,-0.0556013,-0.325244,-0.0515943,-0.0480334,0.0869624,0.0346702,0.189164
12.76,-0.0275911,-0.0556013,-0.325213,-0.0516009,-0.0479738,0.0869624,0.0346557,0.189169
12.78,-0.0276021,-0.0556228,-0.325209,-0.0516009,-0.0479419,0.0869571,0.0346557,0.189169
12.8,-0.0276021,-0.0556328,-0.325187,-0.051603,-0.0479738,0.0869494,0.0346833,0.189174
12.82,-0.0276017,-0.0556366,-0.325209,-0.051603,-0.0479816,0.0869309,0.0346943,0.189191
12.84,-0.0275999,-0.055657,-0.325249,-0.0516228,-0.047986,0.0869494,0.0347251,0.189191
12.86,-0.0275825,-0.055657,-0.325249,-0.0516494,-0.0479816,0.0869549,0.0347251,0.189195
12.88,-0.0275736,-0.0556177,-0.325246,-0.0516494,-0.0479667,0.0869549,0.0346788,0.189195
12.9,-0.0275591,-0.0556177,-0.325233,-0.0516497,-0.0479244,0.0869549,0.0346788,0.189189
12.92,-0.0275591,-0.0556502,-0.325233,-0.0516639,-0.0479244,0.0869546,0.0346626,0.189189
12.94,-0.0275773,-0.0556502,-0.325233,-0.0516639,-0.0479331,0.0869635,0.0346825,0.189189
12.96,-0.0276045,-0.0556323,-0.32525,-0.0516296,-0.0480408,0.0869644,0.0346977,0.189192
12.98,-0.0276265,-0.0555987,-0.32525,-0.0516145,-0.0480385,0.0869655,0.0347123,0.189188
13,-0.0276265,-0.0555987,-0.32525,-0.0516145,-0.0480385,0.0869808,0.0347123,0.189188
13.02,-0.0276007,-0.055618,-0.325239,-0.0515971,-0.0480136,0.0869808,0.0346797,0.189188
13.04,-0.0276007,-0.0556456,-0.325239,-0.0515971,-0.0480136,0.0869956,0.0346563,0.189195
13.06,-0.0276007,-0.0556236,-0.325249,-0.0515932,-0.0480147,0.0869779,0.0346797,0.189195
13.08,-0.0275991,-0.0556341,-0.325266,-0.0516083,-0.0480234,0.0869793,0.0346582,0.189186
13.1,-0.0275967,-0.0556236,-0.325266,-0.0516083,-0.0480147,0.0869793,0.0346727,0.189186
13.12,-0.0275844,-0.0556341,-0.325266,-0.0516083,-0.0479513,0.0869942,0.0346653,0.189191
13.14,-0.0275844,-0.0556394,-0.325207,-0.0516016,-0.0479513,0.0869942,0.0346653,0.189191
13.16,-0.0276096,-0.0556553,-0.325242,-0.0515764,-0.0480287,0.0869647,0.0346489,0.189204
13.18,-0.0276096,-0.0556553,-0.325242,-0.0516016,-0.0480287,0.0869647,0.0346489,0.189181
13.2,-0.0275845,-0.055649,-0.325252,-0.0516191,-0.047973,0.0869652,0.0346545,0.189181
13.22,-0.0275758,-0.055592,-0.325252,-0.0516191,-0.047973,0.0869766,0.0346818,0.189181
13.24,-0.0275758,-0.0555871,-0.325252,-0.0516191,-0.0479888,0.0869766,0.0346818,0.189179
13.26,-0.0275813,-0.055592,-0.325297,-0.0516133,-0.0479888,0.086979,0.0346818,0.189179
13.28,-0.0275956,-0.0555842,-0.325297,-0.0516133,-0.0479888,0.0869826,0.0346407,0.189154
13.3,-0.0275813,-0.0555842,-0.325268,-0.0515973,-0.0479889,0.0869826,0.0346407,0.189144
13.32,-0.0275962,-0.0555842,-0.325262,-0.0515958,-0.0480091,0.0869593,0.0346407,0.189144
13.34,-0.0275962,-0.0555905,-0.325262,-0.0515958,-0.0480159,0.0869501,0.0346728,0.189182
13.36,-0.027615,-0.0555905,-0.325246,-0.0515958,-0.0480159,0.0869501,0.034668,0.189182
13.38,-0.027615,-0.0556232,-0.325278,-0.0516043,-0.04802,0.0869611,0.034668,0.189173
13.4,-0.0275696,-0.0555922,-0.325274,-0.0516043,-0.0480134,0.0869624,0.034668,0.189173
13.42,-0.0275696,-0.0556153,-0.325274,-0.0516058,-0.0480134,0.0869611,0.0346813,0.189191
13.44,-0.0275872,-0.0556153,-0.325234,-0.0516064,-0.0479427,0.0869768,0.0346813,0.189191
13.46,-0.0275887,-0.055657,-0.325234,-0.0516058,-0.0479427,0.0869591,0.0346827,0.189191
13.48,-0.0276246,-0.055657,-0.325253,-0.0516238,-0.0479788,0.0869917,0.0346587,0.189191
13.5,-0.0275987,-0.055636,-0.325271,-0.0516425,-0.0479969,0.0869758,0.0346629,0.189151
13.52,-0.0275987,-0.055636,-0.325271,-0.0516425,-0.0479788,0.0869758,0.0346579,0.189146
13.54,-0.027589,-0.0556159,-0.325272,-0.0516261,-0.047994,0.0869695,0.0346629,0.189146
13.56,-0.027589,-0.0556207,-0.325262,-0.0516203,-0.0479617,0.0869695,0.0346911,0.189173
13.58,-0.027589,-0.0556159,-0.325272,-0.0516203,-0.0479311,0.0869648,0.0346911,0.189173
13.6,-0.0276054,-0.0556203,-0.325235,-0.051584,-0.0479311,0.0869718,0.034684,0.189214
13.62,-0.0275944,-0.0556203,-0.325279,-0.051584,-0.0479989,0.0869718,0.034677,0.189162
13.64,-0.0275944,-0.0556608,-0.325271,-0.051584,-0.0479989,0.0869724,0.034684,0.189214
13.66,-0.0275818,-0.0556608,-0.325271,-0.0516013,-0.0479499,0.0869724,0.034677,0.189185
13.68,-0.0275818,-0.0556258,-0.325255,-0.0516013,-0.047918,0.0869593,0.0346715,0.189185
13.7,-0.0275892,-0.0556026,-0.325232,-0.0516013,-0.047918,0.0869593,0.0346639,0.189183
13.72,-0.0275892,-0.0556026,-0.325232,-0.0515884,-0.0479743,0.0869661,0.034662,0.189178
13.74,-0.0275892,-0.0556017,-0.32523,-0.0515884,-0.0479748,0.0869661,0.034662,0.189168
13.76,-0.0275973,-0.0556177,-0.325217,-0.051624,-0.0479748,0.086959,0.0346683,0.189178
13.78,-0.0275973,-0.0556294,-0.325217,-0.051624,-0.0479748,0.086959,0.0346817,0.189182
13.8,-0.0275973,-0.0556301,-0.325239,-0.0516003,-0.0480005,0.0869788,0.0346817,0.18921
13.82,-0.0275838,-0.0556294,-0.325239,-0.0516003,-0.0480005,0.0869788,0.0346633,0.18921
13.84,-0.027598,-0.0556238,-0.325235,-0.0515748,-0.0480064,0.0870029,0.0346633,0.18921
13.86,-0.0275827,-0.0555813,-0.325226,-0.0515748,-0.0480064,0.0869788,0.0346685,0.18921
13.88,-0.0276129,-0.0555803,-0.325235,-0.0515542,-0.0480064,0.0869788,0.0346859,0.189172
13.9,-0.0275838,-0.0555813,-0.325222,-0.0515542,-0.0480065,0.0869681,0.0346685,0.189191
13.92,-0.0276181,-0.0556111,-0.325229,-0.0515973,-0.0480065,0.0869542,0.0346617,0.189166
13.94,-0.0275838,-0.0556111,-0.325229,-0.0515973,-0.0479929,0.0869457,0.0346617,0.189166
13.96,-0.0275824,-0.0556097,-0.325241,-0.0515973,-0.0479929,0.0869457,0.0346617,0.189166
13.98,-0.0275824,-0.0556097,-0.325241,-0.0516213,-0.0479929,0.0870233,0.034668,0.189192
14,-0.0276252,-0.0556097,-0.325221,-0.0516361,-0.0479932,0.0870233,0.0346454,0.189192
14.02,-0.0276252,-0.0556074,-0.325221,-0.0516361,-0.0479932,0.086984,0.034668,0.189181
14.04,-0.0275951,-0.0556074,-0.325262,-0.0516361,-0.0479932,0.086984,0.0346769,0.189174
14.06,-0.0275951,-0.0556258,-0.325262,-0.0515889,-0.0479347,0.0869785,0.0346855,0.189178
14.08,-0.0275951,-0.055628,-0.325251,-0.0516348,-0.0479347,0.0869598,0.0346855,0.189174
14.1,-0.0275913,-0.055628,-0.325238,-0.0516348,-0.0479897,0.0869598,0.0346855,0.189178
14.12,-0.0275773,-0.0556614,-0.325251,-0.0516348,-0.0479907,0.0869626,0.034701,0.189168
14.14,-0.0275913,-0.0556649,-0.325239,-0.0516233,-0.0479897,0.0869702,0.034701,0.189215
14.16,-0.0275821,-0.0556649,-0.325256,-0.0516233,-0.0479907,0.0869808,0.0346565,0.189189
14.18,-0.0275835,-0.0556271,-0.325255,-0.0516233,-0.0480003,0.0869808,0.0346565,0.189199
14.2,-0.0275835,-0.0555808,-0.325256,-0.0516266,-0.0480186,0.0869656,0.0347015,0.189189
14.22,-0.0275898,-0.0555808,-0.325255,-0.0516054,-0.0480186,0.0869647,0.0347015,0.18916
14.24,-0.027598,-0.0556198,-0.325234,-0.0516054,-0.0479653,0.0869647,0.0346926,0.18916
14.26,-0.0275927,-0.0556406,-0.325234,-0.0516054,-0.0479653,0.0869647,0.0346885,0.189146
14.28,-0.0275927,-0.0556244,-0.325234,-0.051623,-0.0479642,0.0869633,0.0346584,0.189183
14.3,-0.0275855,-0.0556244,-0.325186,-0.051623,-0.0479642,0.0869513,0.0346584,0.18921
